dataset_id,data_layer,source_file,tune_position,s_name,marker_name,marker_role,marker_source,target_freq_ghz,freq_ghz,freq_error_ghz,s_db,s_phase_deg,source_format,uncorrected_freq_ghz,frequency_scale_factor,temp_op_C,temp_meas_C,humidity_fraction,run_id,sim_DepthPlunger_offset,sim_NumDepth
260526_iris_kyhl,sim,06_3-4_TDS-Half-Plunger-IrisOffset-260526_1.s1p,,S11,f_2pi3,sim,dispersion_mode_1,2.8571160335532,2.857116,-3.355320021825037e-08,-1.0818562255050513e-06,-177.03009673851355,touchstone_ri,2.8571160335532,1.0,,,,1,-3,1
260526_iris_kyhl,sim,06_3-4_TDS-Half-Plunger-IrisOffset-260526_10.s1p,,S11,f_2pi3,sim,dispersion_mode_1,2.8571160335532,2.857116,-3.355320021825037e-08,3.702651027048413e-10,52.50731528815395,touchstone_ri,2.8571160335532,1.0,,,,10,-3,2
260526_iris_kyhl,sim,06_3-4_TDS-Half-Plunger-IrisOffset-260526_11.s1p,,S11,f_2pi3,sim,dispersion_mode_1,2.8571160335532,2.857116,-3.355320021825037e-08,2.103067055762666e-09,56.33260686749787,touchstone_ri,2.8571160335532,1.0,,,,11,-2,2
260526_iris_kyhl,sim,06_3-4_TDS-Half-Plunger-IrisOffset-260526_12.s1p,,S11,f_2pi3,sim,dispersion_mode_1,2.8571160335532,2.857116,-3.355320021825037e-08,-1.5714111443168562e-09,59.429563426042264,touchstone_ri,2.8571160335532,1.0,,,,12,-1,2
260526_iris_kyhl,sim,06_3-4_TDS-Half-Plunger-IrisOffset-260526_13.s1p,,S11,f_2pi3,sim,dispersion_mode_1,2.8571160335532,2.857116,-3.355320021825037e-08,3.227825825271401e-09,61.978731011911556,touchstone_ri,2.8571160335532,1.0,,,,13,0,2
260526_iris_kyhl,sim,06_3-4_TDS-Half-Plunger-IrisOffset-260526_14.s1p,,S11,f_2pi3,sim,dispersion_mode_1,2.8571160335532,2.857116,-3.355320021825037e-08,-2.5499007242760832e-09,64.11383796885637,touchstone_ri,2.8571160335532,1.0,,,,14,1,2
260526_iris_kyhl,sim,06_3-4_TDS-Half-Plunger-IrisOffset-260526_15.s1p,,S11,f_2pi3,sim,dispersion_mode_1,2.8571160335532,2.857116,-3.355320021825037e-08,5.881317499013396e-10,65.98903899786184,touchstone_ri,2.8571160335532,1.0,,,,15,2,2
260526_iris_kyhl,sim,06_3-4_TDS-Half-Plunger-IrisOffset-260526_16.s1p,,S11,f_2pi3,sim,dispersion_mode_1,2.8571160335532,2.857116,-3.355320021825037e-08,-4.346920137274242e-09,67.66265327204866,touchstone_ri,2.8571160335532,1.0,,,,16,3,2
260526_iris_kyhl,sim,06_3-4_TDS-Half-Plunger-IrisOffset-260526_2.s1p,,S11,f_2pi3,sim,dispersion_mode_1,2.8571160335532,2.857116,-3.355320021825037e-08,-5.857039948486721e-06,-176.84979548057564,touchstone_ri,2.8571160335532,1.0,,,,2,-2,1
260526_iris_kyhl,sim,06_3-4_TDS-Half-Plunger-IrisOffset-260526_3.s1p,,S11,f_2pi3,sim,dispersion_mode_1,2.8571160335532,2.857116,-3.355320021825037e-08,-3.5023842869993825e-06,-176.64263584170538,touchstone_ri,2.8571160335532,1.0,,,,3,-1,1
260526_iris_kyhl,sim,06_3-4_TDS-Half-Plunger-IrisOffset-260526_4.s1p,,S11,f_2pi3,sim,dispersion_mode_1,2.8571160335532,2.857116,-3.355320021825037e-08,2.103674582066447e-09,-176.3944083311458,touchstone_ri,2.8571160335532,1.0,,,,4,0,1
260526_iris_kyhl,sim,06_3-4_TDS-Half-Plunger-IrisOffset-260526_5.s1p,,S11,f_2pi3,sim,dispersion_mode_1,2.8571160335532,2.857116,-3.355320021825037e-08,-1.0764232897086437e-06,-176.09769993052697,touchstone_ri,2.8571160335532,1.0,,,,5,1,1
260526_iris_kyhl,sim,06_3-4_TDS-Half-Plunger-IrisOffset-260526_6.s1p,,S11,f_2pi3,sim,dispersion_mode_1,2.8571160335532,2.857116,-3.355320021825037e-08,-3.896464363016872e-06,-175.73642011053275,touchstone_ri,2.8571160335532,1.0,,,,6,2,1
260526_iris_kyhl,sim,06_3-4_TDS-Half-Plunger-IrisOffset-260526_7.s1p,,S11,f_2pi3,sim,dispersion_mode_1,2.8571160335532,2.857116,-3.355320021825037e-08,-1.6679318134530259e-06,-175.300247237343,touchstone_ri,2.8571160335532,1.0,,,,7,3,1
260526_iris_kyhl,sim,06_3-4_TDS-Half-Plunger-IrisOffset-260526_8.s1p,,S11,f_2pi3,sim,dispersion_mode_1,2.8571160335532,2.857116,-3.355320021825037e-08,-7.780540503617197e-07,-177.98008389423867,touchstone_ri,2.8571160335532,1.0,,,,8,-10,1
260526_iris_kyhl,sim,06_3-4_TDS-Half-Plunger-IrisOffset-260526_9.s1p,,S11,f_2pi3,sim,dispersion_mode_1,2.8571160335532,2.857116,-3.355320021825037e-08,-6.809137964513593e-07,-178.44186990598573,touchstone_ri,2.8571160335532,1.0,,,,9,-15,1
260526_iris_kyhl,sim,06_3-4_TDS-Half-Plunger-IrisOffset-260526_1.s1p,,S11,f_mean,sim,dispersion_mode_1,2.8672804543714,2.86728,-4.543714000604382e-07,-2.290829417351903e-06,176.79959064040162,touchstone_ri,2.8672804543714,1.0,,,,1,-3,1
260526_iris_kyhl,sim,06_3-4_TDS-Half-Plunger-IrisOffset-260526_10.s1p,,S11,f_mean,sim,dispersion_mode_1,2.8672804543714,2.86728,-4.543714000604382e-07,7.377355843960653e-10,-16.17366246692795,touchstone_ri,2.8672804543714,1.0,,,,10,-3,2
260526_iris_kyhl,sim,06_3-4_TDS-Half-Plunger-IrisOffset-260526_11.s1p,,S11,f_mean,sim,dispersion_mode_1,2.8672804543714,2.86728,-4.543714000604382e-07,-1.4232201602428624e-05,-11.13812341626351,touchstone_ri,2.8672804543714,1.0,,,,11,-2,2
260526_iris_kyhl,sim,06_3-4_TDS-Half-Plunger-IrisOffset-260526_12.s1p,,S11,f_mean,sim,dispersion_mode_1,2.8672804543714,2.86728,-4.543714000604382e-07,-4.878466517482821e-06,-6.896785446211457,touchstone_ri,2.8672804543714,1.0,,,,12,-1,2
260526_iris_kyhl,sim,06_3-4_TDS-Half-Plunger-IrisOffset-260526_13.s1p,,S11,f_mean,sim,dispersion_mode_1,2.8672804543714,2.86728,-4.543714000604382e-07,-1.9542766801697104e-05,-3.284319393340215,touchstone_ri,2.8672804543714,1.0,,,,13,0,2
260526_iris_kyhl,sim,06_3-4_TDS-Half-Plunger-IrisOffset-260526_14.s1p,,S11,f_mean,sim,dispersion_mode_1,2.8672804543714,2.86728,-4.543714000604382e-07,1.4556735258444725e-09,-0.1727668899997484,touchstone_ri,2.8672804543714,1.0,,,,14,1,2
260526_iris_kyhl,sim,06_3-4_TDS-Half-Plunger-IrisOffset-260526_15.s1p,,S11,f_mean,sim,dispersion_mode_1,2.8672804543714,2.86728,-4.543714000604382e-07,8.782670260838029e-10,2.6187868651598243,touchstone_ri,2.8672804543714,1.0,,,,15,2,2
260526_iris_kyhl,sim,06_3-4_TDS-Half-Plunger-IrisOffset-260526_16.s1p,,S11,f_mean,sim,dispersion_mode_1,2.8672804543714,2.86728,-4.543714000604382e-07,-2.1010767191816157e-07,5.164865709912615,touchstone_ri,2.8672804543714,1.0,,,,16,3,2
260526_iris_kyhl,sim,06_3-4_TDS-Half-Plunger-IrisOffset-260526_2.s1p,,S11,f_mean,sim,dispersion_mode_1,2.8672804543714,2.86728,-4.543714000604382e-07,-3.6049307564907596e-06,176.96443541923495,touchstone_ri,2.8672804543714,1.0,,,,2,-2,1
260526_iris_kyhl,sim,06_3-4_TDS-Half-Plunger-IrisOffset-260526_3.s1p,,S11,f_mean,sim,dispersion_mode_1,2.8672804543714,2.86728,-4.543714000604382e-07,-8.388879300416423e-07,177.15436597163088,touchstone_ri,2.8672804543714,1.0,,,,3,-1,1
260526_iris_kyhl,sim,06_3-4_TDS-Half-Plunger-IrisOffset-260526_4.s1p,,S11,f_mean,sim,dispersion_mode_1,2.8672804543714,2.86728,-4.543714000604382e-07,-3.523772140106342e-09,177.38289591933793,touchstone_ri,2.8672804543714,1.0,,,,4,0,1
260526_iris_kyhl,sim,06_3-4_TDS-Half-Plunger-IrisOffset-260526_5.s1p,,S11,f_mean,sim,dispersion_mode_1,2.8672804543714,2.86728,-4.543714000604382e-07,-0.00012208032031846706,177.65545184895768,touchstone_ri,2.8672804543714,1.0,,,,5,1,1
260526_iris_kyhl,sim,06_3-4_TDS-Half-Plunger-IrisOffset-260526_6.s1p,,S11,f_mean,sim,dispersion_mode_1,2.8672804543714,2.86728,-4.543714000604382e-07,-1.547747584685639e-05,177.9913875897429,touchstone_ri,2.8672804543714,1.0,,,,6,2,1
260526_iris_kyhl,sim,06_3-4_TDS-Half-Plunger-IrisOffset-260526_7.s1p,,S11,f_mean,sim,dispersion_mode_1,2.8672804543714,2.86728,-4.543714000604382e-07,-1.2574364280381012e-05,178.3959054410409,touchstone_ri,2.8672804543714,1.0,,,,7,3,1
260526_iris_kyhl,sim,06_3-4_TDS-Half-Plunger-IrisOffset-260526_8.s1p,,S11,f_mean,sim,dispersion_mode_1,2.8672804543714,2.86728,-4.543714000604382e-07,2.6895440195895115e-09,175.9205639125369,touchstone_ri,2.8672804543714,1.0,,,,8,-10,1
260526_iris_kyhl,sim,06_3-4_TDS-Half-Plunger-IrisOffset-260526_9.s1p,,S11,f_mean,sim,dispersion_mode_1,2.8672804543714,2.86728,-4.543714000604382e-07,-3.2089336870666717e-09,175.4966235310368,touchstone_ri,2.8672804543714,1.0,,,,9,-15,1
260526_iris_kyhl,sim,06_3-4_TDS-Half-Plunger-IrisOffset-260526_1.s1p,,S11,f_pi2,sim,dispersion_mode_1,2.8774448751896,2.877444,-8.75189599902626e-07,-3.186306707383135e-09,170.59740570527973,touchstone_ri,2.8774448751896,1.0,,,,1,-3,1
260526_iris_kyhl,sim,06_3-4_TDS-Half-Plunger-IrisOffset-260526_10.s1p,,S11,f_pi2,sim,dispersion_mode_1,2.8774448751896,2.877444,-8.75189599902626e-07,-6.19902552971576e-07,-75.2187896926099,touchstone_ri,2.8774448751896,1.0,,,,10,-3,2
260526_iris_kyhl,sim,06_3-4_TDS-Half-Plunger-IrisOffset-260526_11.s1p,,S11,f_pi2,sim,dispersion_mode_1,2.8774448751896,2.877444,-8.75189599902626e-07,-1.1554562061735354e-09,-71.32344236454034,touchstone_ri,2.8774448751896,1.0,,,,11,-2,2
260526_iris_kyhl,sim,06_3-4_TDS-Half-Plunger-IrisOffset-260526_12.s1p,,S11,f_pi2,sim,dispersion_mode_1,2.8774448751896,2.877444,-8.75189599902626e-07,-5.2635095028515405e-06,-67.9251649711638,touchstone_ri,2.8774448751896,1.0,,,,12,-1,2
260526_iris_kyhl,sim,06_3-4_TDS-Half-Plunger-IrisOffset-260526_13.s1p,,S11,f_pi2,sim,dispersion_mode_1,2.8774448751896,2.877444,-8.75189599902626e-07,-1.498654565607486e-09,-64.93305301622081,touchstone_ri,2.8774448751896,1.0,,,,13,0,2
260526_iris_kyhl,sim,06_3-4_TDS-Half-Plunger-IrisOffset-260526_14.s1p,,S11,f_pi2,sim,dispersion_mode_1,2.8774448751896,2.877444,-8.75189599902626e-07,-4.09909378254674e-06,-62.2786777794887,touchstone_ri,2.8774448751896,1.0,,,,14,1,2
260526_iris_kyhl,sim,06_3-4_TDS-Half-Plunger-IrisOffset-260526_15.s1p,,S11,f_pi2,sim,dispersion_mode_1,2.8774448751896,2.877444,-8.75189599902626e-07,-2.21822993533871e-09,-59.83782506298812,touchstone_ri,2.8774448751896,1.0,,,,15,2,2
260526_iris_kyhl,sim,06_3-4_TDS-Half-Plunger-IrisOffset-260526_16.s1p,,S11,f_pi2,sim,dispersion_mode_1,2.8774448751896,2.877444,-8.75189599902626e-07,7.325610032387808e-11,-57.553791097720506,touchstone_ri,2.8774448751896,1.0,,,,16,3,2
260526_iris_kyhl,sim,06_3-4_TDS-Half-Plunger-IrisOffset-260526_2.s1p,,S11,f_pi2,sim,dispersion_mode_1,2.8774448751896,2.877444,-8.75189599902626e-07,-1.8486032173223037e-09,170.7467047725484,touchstone_ri,2.8774448751896,1.0,,,,2,-2,1
260526_iris_kyhl,sim,06_3-4_TDS-Half-Plunger-IrisOffset-260526_3.s1p,,S11,f_pi2,sim,dispersion_mode_1,2.8774448751896,2.877444,-8.75189599902626e-07,-1.2351009759745982e-09,170.91950188282135,touchstone_ri,2.8774448751896,1.0,,,,3,-1,1
260526_iris_kyhl,sim,06_3-4_TDS-Half-Plunger-IrisOffset-260526_4.s1p,,S11,f_pi2,sim,dispersion_mode_1,2.8774448751896,2.877444,-8.75189599902626e-07,3.996689899999384e-09,171.12869138880046,touchstone_ri,2.8774448751896,1.0,,,,4,0,1
260526_iris_kyhl,sim,06_3-4_TDS-Half-Plunger-IrisOffset-260526_5.s1p,,S11,f_pi2,sim,dispersion_mode_1,2.8774448751896,2.877444,-8.75189599902626e-07,1.1607686860323625e-09,171.38124659368722,touchstone_ri,2.8774448751896,1.0,,,,5,1,1
260526_iris_kyhl,sim,06_3-4_TDS-Half-Plunger-IrisOffset-260526_6.s1p,,S11,f_pi2,sim,dispersion_mode_1,2.8774448751896,2.877444,-8.75189599902626e-07,-1.1997612673028664e-09,171.69111763383762,touchstone_ri,2.8774448751896,1.0,,,,6,2,1
260526_iris_kyhl,sim,06_3-4_TDS-Half-Plunger-IrisOffset-260526_7.s1p,,S11,f_pi2,sim,dispersion_mode_1,2.8774448751896,2.877444,-8.75189599902626e-07,-1.7490923373731282e-09,172.0670525664113,touchstone_ri,2.8774448751896,1.0,,,,7,3,1
260526_iris_kyhl,sim,06_3-4_TDS-Half-Plunger-IrisOffset-260526_8.s1p,,S11,f_pi2,sim,dispersion_mode_1,2.8774448751896,2.877444,-8.75189599902626e-07,-2.515663326175795e-07,169.79278849956557,touchstone_ri,2.8774448751896,1.0,,,,8,-10,1
260526_iris_kyhl,sim,06_3-4_TDS-Half-Plunger-IrisOffset-260526_9.s1p,,S11,f_pi2,sim,dispersion_mode_1,2.8774448751896,2.877444,-8.75189599902626e-07,-4.0403530164293635e-07,169.4102734130603,touchstone_ri,2.8774448751896,1.0,,,,9,-15,1
