dataset_id,data_kind,data_layer,marker_name,marker_role,port_side,s_name,from_source_file,to_source_file,from_tune_position,to_tune_position,target_freq_ghz,from_freq_ghz,to_freq_ghz,from_s_db,to_s_db,from_phase_deg,to_phase_deg,signed_phase_step_deg,phase_advance_0to360_deg,phase_error_from_240_deg
260415_fullbrazing,experiment,prepro,f_2pi3,exp,,S11,0.5_processed.csv,1_processed.csv,0.5,1.0,2.8558872595868734,2.85588,2.85588,-0.2782594,-0.2770684,70.92745,85.12039,14.192940000000021,14.192940000000021,-225.80705999999998
260415_fullbrazing,experiment,prepro,f_2pi3,exp,,S11,1_processed.csv,1.5_processed.csv,1.0,1.5,2.8558872595868734,2.85588,2.85588,-0.2770684,-0.2468511,85.12039,-149.7197,125.15991000000002,125.15991000000002,-114.84008999999998
260415_fullbrazing,experiment,prepro,f_2pi3,exp,,S11,1.5_processed.csv,2_processed.csv,1.5,2.0,2.8558872595868734,2.85588,2.85588,-0.2468511,-0.15754,-149.7197,-37.32119,112.39850999999999,112.39850999999999,-127.60149000000001
260415_fullbrazing,experiment,prepro,f_2pi3,exp,,S11,2_processed.csv,2.5_processed.csv,2.0,2.5,2.8558872595868734,2.85588,2.85588,-0.15754,-0.2871977,-37.32119,87.9284,125.24959000000001,125.24959000000001,-114.75040999999999
260415_fullbrazing,experiment,prepro,f_2pi3,exp,,S11,2.5_processed.csv,3_processed.csv,2.5,3.0,2.8558872595868734,2.85588,2.85588,-0.2871977,-0.3329522,87.9284,-169.2856,102.786,102.786,-137.214
260415_fullbrazing,experiment,prepro,f_2pi3,exp,,S11,3_processed.csv,3.5_processed.csv,3.0,3.5,2.8558872595868734,2.85588,2.85588,-0.3329522,-0.2842886,-169.2856,-48.86061,120.42498999999998,120.42498999999998,-119.57501000000002
260415_fullbrazing,experiment,prepro,f_2pi3,exp,,S11,3.5_processed.csv,4_processed.csv,3.5,4.0,2.8558872595868734,2.85588,2.85588,-0.2842886,-0.3449661,-48.86061,63.57944,112.44004999999999,112.44004999999999,-127.55995000000001
260415_fullbrazing,experiment,prepro,f_2pi3,exp,,S11,4_processed.csv,4.5_processed.csv,4.0,4.5,2.8558872595868734,2.85588,2.85588,-0.3449661,-0.4418077,63.57944,-178.5434,117.87716,117.87716,-122.12284
260415_fullbrazing,experiment,prepro,f_2pi3,exp,,S11,4.5_processed.csv,5_processed.csv,4.5,5.0,2.8558872595868734,2.85588,2.85588,-0.4418077,-0.3840434,-178.5434,-84.82639,93.71700999999996,93.71700999999996,-146.28299000000004
260415_fullbrazing,experiment,prepro,f_2pi3,exp,,S11,5_processed.csv,5.5_processed.csv,5.0,5.5,2.8558872595868734,2.85588,2.85588,-0.3840434,-0.5016197,-84.82639,67.46479,152.29118,152.29118,-87.70882
260415_fullbrazing,experiment,prepro,f_2pi3,exp,,S11,5.5_processed.csv,6_processed.csv,5.5,6.0,2.8558872595868734,2.85588,2.85588,-0.5016197,-0.5156353,67.46479,166.511,99.04620999999997,99.04620999999997,-140.95379000000003
260415_fullbrazing,experiment,prepro,f_2pi3,exp,,S11,6_processed.csv,6.5_processed.csv,6.0,6.5,2.8558872595868734,2.85588,2.85588,-0.5156353,-0.5382265,166.511,-82.78806,110.70094,110.70094,-129.29906
260415_fullbrazing,experiment,prepro,f_2pi3,exp,,S11,6.5_processed.csv,7_processed.csv,6.5,7.0,2.8558872595868734,2.85588,2.85588,-0.5382265,-0.5998969,-82.78806,46.13789,128.92595,128.92595,-111.07405
260415_fullbrazing,experiment,prepro,f_2pi3,exp,,S11,7_processed.csv,7.5_processed.csv,7.0,7.5,2.8558872595868734,2.85588,2.85588,-0.5998969,-0.6325125,46.13789,166.0462,119.90831000000003,119.90831000000003,-120.09168999999997
260415_fullbrazing,experiment,prepro,f_2pi3,exp,,S11,7.5_processed.csv,8_processed.csv,7.5,8.0,2.8558872595868734,2.85588,2.85588,-0.6325125,-0.6371762,166.0462,-100.5518,93.40199999999999,93.40199999999999,-146.598
260415_fullbrazing,experiment,prepro,f_2pi3,exp,,S11,8_processed.csv,8.5_processed.csv,8.0,8.5,2.8558872595868734,2.85588,2.85588,-0.6371762,-0.7645286,-100.5518,50.60001,151.15181,151.15181,-88.84818999999999
260415_fullbrazing,experiment,prepro,f_2pi3,exp,,S11,8.5_processed.csv,9_processed.csv,8.5,9.0,2.8558872595868734,2.85588,2.85588,-0.7645286,-0.7229264,50.60001,149.0982,98.49819000000002,98.49819000000002,-141.50180999999998
260415_fullbrazing,experiment,prepro,f_2pi3,exp,,S11,9_processed.csv,9.5_processed.csv,9.0,9.5,2.8558872595868734,2.85588,2.85588,-0.7229264,-0.8594819,149.0982,-97.47725,113.42455000000001,113.42455000000001,-126.57544999999999
260415_fullbrazing,experiment,prepro,f_2pi3,exp,,S11,9.5_processed.csv,10_processed.csv,9.5,10.0,2.8558872595868734,2.85588,2.85588,-0.8594819,-1.908124,-97.47725,61.05797,158.53521999999998,158.53521999999998,-81.46478000000002
260415_fullbrazing,experiment,prepro,f_2pi3,exp,,S11,10_processed.csv,10.5_processed.csv,10.0,10.5,2.8558872595868734,2.85588,2.85588,-1.908124,-5.476469,61.05797,113.8377,52.77973,52.77973,-187.22027
260415_fullbrazing,experiment,prepro,f_2pi3,exp,,S11,10.5_processed.csv,11_processed.csv,10.5,11.0,2.8558872595868734,2.85588,2.85588,-5.476469,-8.248572,113.8377,141.5176,27.679899999999975,27.679899999999975,-212.32010000000002
260415_fullbrazing,experiment,prepro,f_mean,exp,,S11,0.5_processed.csv,1_processed.csv,0.5,1.0,2.8660473089425436,2.86604,2.86604,-0.2433046,-0.2506658,59.16738,70.9931,11.82571999999999,11.82571999999999,-228.17428
260415_fullbrazing,experiment,prepro,f_mean,exp,,S11,1_processed.csv,1.5_processed.csv,1.0,1.5,2.8660473089425436,2.86604,2.86604,-0.2506658,-0.2350478,70.9931,148.9161,77.923,77.923,-162.077
260415_fullbrazing,experiment,prepro,f_mean,exp,,S11,1.5_processed.csv,2_processed.csv,1.5,2.0,2.8660473089425436,2.86604,2.86604,-0.2350478,-0.2021483,148.9161,-88.59155,122.49234999999999,122.49234999999999,-117.50765000000001
260415_fullbrazing,experiment,prepro,f_mean,exp,,S11,2_processed.csv,2.5_processed.csv,2.0,2.5,2.8660473089425436,2.86604,2.86604,-0.2021483,-0.1762858,-88.59155,31.91558,120.50712999999996,120.50712999999996,-119.49287000000004
260415_fullbrazing,experiment,prepro,f_mean,exp,,S11,2.5_processed.csv,3_processed.csv,2.5,3.0,2.8660473089425436,2.86604,2.86604,-0.1762858,-0.205002,31.91558,98.98192,67.06634,67.06634,-172.93366
260415_fullbrazing,experiment,prepro,f_mean,exp,,S11,3_processed.csv,3.5_processed.csv,3.0,3.5,2.8660473089425436,2.86604,2.86604,-0.205002,-0.3108094,98.98192,-171.8818,89.13628,89.13628,-150.86372
260415_fullbrazing,experiment,prepro,f_mean,exp,,S11,3.5_processed.csv,4_processed.csv,3.5,4.0,2.8660473089425436,2.86604,2.86604,-0.3108094,-0.2939453,-171.8818,-38.93617,132.94563,132.94563,-107.05437
260415_fullbrazing,experiment,prepro,f_mean,exp,,S11,4_processed.csv,4.5_processed.csv,4.0,4.5,2.8660473089425436,2.86604,2.86604,-0.2939453,-0.2350791,-38.93617,60.39401,99.33017999999998,99.33017999999998,-140.66982000000002
260415_fullbrazing,experiment,prepro,f_mean,exp,,S11,4.5_processed.csv,5_processed.csv,4.5,5.0,2.8660473089425436,2.86604,2.86604,-0.2350791,-0.2751664,60.39401,119.2087,58.814689999999985,58.814689999999985,-181.18531000000002
260415_fullbrazing,experiment,prepro,f_mean,exp,,S11,5_processed.csv,5.5_processed.csv,5.0,5.5,2.8660473089425436,2.86604,2.86604,-0.2751664,-0.4909884,119.2087,-120.199,120.59230000000002,120.59230000000002,-119.40769999999998
260415_fullbrazing,experiment,prepro,f_mean,exp,,S11,5.5_processed.csv,6_processed.csv,5.5,6.0,2.8660473089425436,2.86604,2.86604,-0.4909884,-0.3286814,-120.199,12.24986,132.44885999999997,132.44885999999997,-107.55114000000003
260415_fullbrazing,experiment,prepro,f_mean,exp,,S11,6_processed.csv,6.5_processed.csv,6.0,6.5,2.8660473089425436,2.86604,2.86604,-0.3286814,-0.2992389,12.24986,86.22024,73.97038,73.97038,-166.02962
260415_fullbrazing,experiment,prepro,f_mean,exp,,S11,6.5_processed.csv,7_processed.csv,6.5,7.0,2.8660473089425436,2.86604,2.86604,-0.2992389,-0.4328303,86.22024,155.0899,68.86966000000001,68.86966000000001,-171.13034
260415_fullbrazing,experiment,prepro,f_mean,exp,,S11,7_processed.csv,7.5_processed.csv,7.0,7.5,2.8660473089425436,2.86604,2.86604,-0.4328303,-0.5999022,155.0899,-53.16738,151.74271999999996,151.74271999999996,-88.25728000000004
260415_fullbrazing,experiment,prepro,f_mean,exp,,S11,7.5_processed.csv,8_processed.csv,7.5,8.0,2.8660473089425436,2.86604,2.86604,-0.5999022,-0.3571081,-53.16738,46.49572,99.66309999999999,99.66309999999999,-140.3369
260415_fullbrazing,experiment,prepro,f_mean,exp,,S11,8_processed.csv,8.5_processed.csv,8.0,8.5,2.8660473089425436,2.86604,2.86604,-0.3571081,-0.4022201,46.49572,114.2059,67.71018000000001,67.71018000000001,-172.28982
260415_fullbrazing,experiment,prepro,f_mean,exp,,S11,8.5_processed.csv,9_processed.csv,8.5,9.0,2.8660473089425436,2.86604,2.86604,-0.4022201,-0.6968175,114.2059,-158.7071,87.08699999999999,87.08699999999999,-152.913
260415_fullbrazing,experiment,prepro,f_mean,exp,,S11,9_processed.csv,9.5_processed.csv,9.0,9.5,2.8660473089425436,2.86604,2.86604,-0.6968175,-0.6211993,-158.7071,-5.836569,152.87053100000003,152.87053100000003,-87.12946899999997
260415_fullbrazing,experiment,prepro,f_mean,exp,,S11,9.5_processed.csv,10_processed.csv,9.5,10.0,2.8660473089425436,2.86604,2.86604,-0.6211993,-1.241775,-5.836569,85.28531,91.12187899999998,91.12187899999998,-148.87812100000002
260415_fullbrazing,experiment,prepro,f_mean,exp,,S11,10_processed.csv,10.5_processed.csv,10.0,10.5,2.8660473089425436,2.86604,2.86604,-1.241775,-4.553248,85.28531,124.7765,39.49119000000002,39.49119000000002,-200.50880999999998
260415_fullbrazing,experiment,prepro,f_mean,exp,,S11,10.5_processed.csv,11_processed.csv,10.5,11.0,2.8660473089425436,2.86604,2.86604,-4.553248,-7.532261,124.7765,142.9644,18.187900000000013,18.187900000000013,-221.8121
260415_fullbrazing,experiment,prepro,f_pi2,exp,,S11,0.5_processed.csv,1_processed.csv,0.5,1.0,2.8762073582982137,2.8762,2.8762,-0.1873236,-0.1957079,48.03651,58.3963,10.359790000000004,10.359790000000004,-229.64021
260415_fullbrazing,experiment,prepro,f_pi2,exp,,S11,1_processed.csv,1.5_processed.csv,1.0,1.5,2.8762073582982137,2.8762,2.8762,-0.1957079,-0.2078784,58.3963,110.0868,51.690499999999986,51.690499999999986,-188.3095
260415_fullbrazing,experiment,prepro,f_pi2,exp,,S11,1.5_processed.csv,2_processed.csv,1.5,2.0,2.8762073582982137,2.8762,2.8762,-0.2078784,-0.2298133,110.0868,-152.6833,97.22989999999999,97.22989999999999,-142.7701
260415_fullbrazing,experiment,prepro,f_pi2,exp,,S11,2_processed.csv,2.5_processed.csv,2.0,2.5,2.8762073582982137,2.8762,2.8762,-0.2298133,-0.1742197,-152.6833,-9.319744,143.36355600000002,143.36355600000002,-96.63644399999998
260415_fullbrazing,experiment,prepro,f_pi2,exp,,S11,2.5_processed.csv,3_processed.csv,2.5,3.0,2.8762073582982137,2.8762,2.8762,-0.1742197,-0.1639944,-9.319744,53.58585,62.90559400000001,62.90559400000001,-177.094406
260415_fullbrazing,experiment,prepro,f_pi2,exp,,S11,3_processed.csv,3.5_processed.csv,3.0,3.5,2.8762073582982137,2.8762,2.8762,-0.1639944,-0.2074285,53.58585,104.5943,51.00845000000001,51.00845000000001,-188.99155
260415_fullbrazing,experiment,prepro,f_pi2,exp,,S11,3.5_processed.csv,4_processed.csv,3.5,4.0,2.8762073582982137,2.8762,2.8762,-0.2074285,-0.3276812,104.5943,-168.9663,86.43939999999998,86.43939999999998,-153.56060000000002
260415_fullbrazing,experiment,prepro,f_pi2,exp,,S11,4_processed.csv,4.5_processed.csv,4.0,4.5,2.8762073582982137,2.8762,2.8762,-0.3276812,-0.2580582,-168.9663,-17.02065,151.94565,151.94565,-88.05435
260415_fullbrazing,experiment,prepro,f_pi2,exp,,S11,4.5_processed.csv,5_processed.csv,4.5,5.0,2.8762073582982137,2.8762,2.8762,-0.2580582,-0.1977709,-17.02065,45.72102,62.74167,62.74167,-177.25833
260415_fullbrazing,experiment,prepro,f_pi2,exp,,S11,5_processed.csv,5.5_processed.csv,5.0,5.5,2.8762073582982137,2.8762,2.8762,-0.1977709,-0.2457517,45.72102,97.77858,52.057559999999995,52.057559999999995,-187.94244
260415_fullbrazing,experiment,prepro,f_pi2,exp,,S11,5.5_processed.csv,6_processed.csv,5.5,6.0,2.8762073582982137,2.8762,2.8762,-0.2457517,-0.4410123,97.77858,-174.7291,87.49232,87.49232,-152.50768
260415_fullbrazing,experiment,prepro,f_pi2,exp,,S11,6_processed.csv,6.5_processed.csv,6.0,6.5,2.8762073582982137,2.8762,2.8762,-0.4410123,-0.3582531,-174.7291,-21.90446,152.82464,152.82464,-87.17536000000001
260415_fullbrazing,experiment,prepro,f_pi2,exp,,S11,6.5_processed.csv,7_processed.csv,6.5,7.0,2.8762073582982137,2.8762,2.8762,-0.3582531,-0.2428847,-21.90446,43.4046,65.30905999999999,65.30905999999999,-174.69094
260415_fullbrazing,experiment,prepro,f_pi2,exp,,S11,7_processed.csv,7.5_processed.csv,7.0,7.5,2.8762073582982137,2.8762,2.8762,-0.2428847,-0.2895273,43.4046,93.98825,50.58364999999998,50.58364999999998,-189.41635000000002
260415_fullbrazing,experiment,prepro,f_pi2,exp,,S11,7.5_processed.csv,8_processed.csv,7.5,8.0,2.8762073582982137,2.8762,2.8762,-0.2895273,-0.5541347,93.98825,177.645,83.65674999999999,83.65674999999999,-156.34325
260415_fullbrazing,experiment,prepro,f_pi2,exp,,S11,8_processed.csv,8.5_processed.csv,8.0,8.5,2.8762073582982137,2.8762,2.8762,-0.5541347,-0.4697414,177.645,-25.80827,156.54673000000003,156.54673000000003,-83.45326999999997
260415_fullbrazing,experiment,prepro,f_pi2,exp,,S11,8.5_processed.csv,9_processed.csv,8.5,9.0,2.8762073582982137,2.8762,2.8762,-0.4697414,-0.290985,-25.80827,39.26707,65.07533999999998,65.07533999999998,-174.92466000000002
260415_fullbrazing,experiment,prepro,f_pi2,exp,,S11,9_processed.csv,9.5_processed.csv,9.0,9.5,2.8762073582982137,2.8762,2.8762,-0.290985,-0.3382085,39.26707,85.78073,46.513660000000016,46.513660000000016,-193.48633999999998
260415_fullbrazing,experiment,prepro,f_pi2,exp,,S11,9.5_processed.csv,10_processed.csv,9.5,10.0,2.8762073582982137,2.8762,2.8762,-0.3382085,-3.218276,85.78073,-177.839,96.38027,96.38027,-143.61973
260415_fullbrazing,experiment,prepro,f_pi2,exp,,S11,10_processed.csv,10.5_processed.csv,10.0,10.5,2.8762073582982137,2.8762,2.8762,-3.218276,-9.155926,-177.839,-34.2822,143.5568,143.5568,-96.44319999999999
260415_fullbrazing,experiment,prepro,f_pi2,exp,,S11,10.5_processed.csv,11_processed.csv,10.5,11.0,2.8762073582982137,2.8762,2.8762,-9.155926,-7.624698,-34.2822,3.530169,37.81236899999999,37.81236899999999,-202.187631
