dataset_id,data_layer,marker_name,marker_role,s_name,position_family,transition_count,mean_phase_advance_deg,mean_phase_error_deg,mean_abs_phase_error_deg,rms_phase_error_deg,max_abs_phase_error_deg,worst_from_tune_position,worst_to_tune_position,worst_phase_error_deg
260604_iris_portE,raw,f_2pi3,exp,S11,offset_nan,11,99.76234578001846,-140.2376542199815,205.66186293758383,212.2819303383085,239.99848347729997,,,-239.99848347729997
260604_iris_portE,raw,f_2pi3,exp,S12,offset_nan,11,213.37760172450524,-26.622398275494756,112.74909970978842,123.63380831547437,202.58808247109198,,,-202.58808247109198
260604_iris_portE,raw,f_2pi3,exp,S21,offset_nan,11,156.94908468708914,-83.05091531291086,140.86304265003434,154.30178812267786,236.1247292443247,,,-236.1247292443247
260604_iris_portE,raw,f_2pi3,exp,S22,offset_nan,11,146.77491588432682,-93.22508411567318,111.58175310844089,123.55114520367366,211.0623610628291,,,-211.0623610628291
260604_iris_portE,raw,f_mean,exp,S11,offset_nan,11,99.76234578001846,-140.2376542199815,205.66186293758383,212.2819303383085,239.99848347729997,,,-239.99848347729997
260604_iris_portE,raw,f_mean,exp,S12,offset_nan,11,213.37760172450524,-26.622398275494756,112.74909970978842,123.63380831547437,202.58808247109198,,,-202.58808247109198
260604_iris_portE,raw,f_mean,exp,S21,offset_nan,11,156.94908468708914,-83.05091531291086,140.86304265003434,154.30178812267786,236.1247292443247,,,-236.1247292443247
260604_iris_portE,raw,f_mean,exp,S22,offset_nan,11,146.77491588432682,-93.22508411567318,111.58175310844089,123.55114520367366,211.0623610628291,,,-211.0623610628291
260604_iris_portE,raw,f_pi2,exp,S11,offset_nan,11,99.76234578001846,-140.2376542199815,205.66186293758383,212.2819303383085,239.99848347729997,,,-239.99848347729997
260604_iris_portE,raw,f_pi2,exp,S12,offset_nan,11,213.37760172450524,-26.622398275494756,112.74909970978842,123.63380831547437,202.58808247109198,,,-202.58808247109198
260604_iris_portE,raw,f_pi2,exp,S21,offset_nan,11,156.94908468708914,-83.05091531291086,140.86304265003434,154.30178812267786,236.1247292443247,,,-236.1247292443247
260604_iris_portE,raw,f_pi2,exp,S22,offset_nan,11,146.77491588432682,-93.22508411567318,111.58175310844089,123.55114520367366,211.0623610628291,,,-211.0623610628291
