dataset_id,source_file,run_id,sim_r_c,sim_w_c,spacing_fmean_minus_f2pi3_deg,spacing_fpi2_minus_fmean_deg,spacing_equality_error_deg,spacing_60deg_target_error_deg
260516_2dsweep_noplunger,07_3_TDS-body_Novel-2Dsweep-260516_1.s2p,1,55.09,18.3224,24.84070245174763,-100.70006211814774,75.85935966640011,75.85935966640011
260516_2dsweep_noplunger,07_3_TDS-body_Novel-2Dsweep-260516_2.s2p,2,55.09,18.5724,26.99336132315267,-92.07193442482667,65.078573101674,65.078573101674
260516_2dsweep_noplunger,07_3_TDS-body_Novel-2Dsweep-260516_3.s2p,3,55.09,18.8224,27.243137548287677,-83.41113526786044,56.16799771957277,56.16799771957277
260516_2dsweep_noplunger,07_3_TDS-body_Novel-2Dsweep-260516_4.s2p,4,55.09,19.0724,26.230435618131963,-75.37638683815986,49.1459512200279,49.1459512200279
260516_2dsweep_noplunger,07_3_TDS-body_Novel-2Dsweep-260516_5.s2p,5,55.09,19.3224,24.43273285030625,-67.88600096761188,43.453268117305626,43.453268117305626
260516_2dsweep_noplunger,07_3_TDS-body_Novel-2Dsweep-260516_6.s2p,6,55.09,19.5724,22.53510608275201,-61.385759408801334,38.850653326049326,38.850653326049326
260516_2dsweep_noplunger,07_3_TDS-body_Novel-2Dsweep-260516_7.s2p,7,55.09,19.8224,20.515726187716496,-55.60338493959104,35.08765875187454,43.880888872692466
260516_2dsweep_noplunger,07_3_TDS-body_Novel-2Dsweep-260516_8.s2p,8,55.09,20.0724,18.50468950958097,-50.39288872474583,31.88819921516486,51.1024217656732
260516_2dsweep_noplunger,07_3_TDS-body_Novel-2Dsweep-260516_9.s2p,9,55.09,20.3224,16.980147789552916,-46.3384081597722,29.358260370219284,56.681444050674884
260516_2dsweep_noplunger,07_3_TDS-body_Novel-2Dsweep-260516_10.s2p,10,55.34,18.3224,31.156656521730497,-106.7046145847639,75.5479580630334,75.5479580630334
260516_2dsweep_noplunger,07_3_TDS-body_Novel-2Dsweep-260516_11.s2p,11,55.34,18.5724,32.65098015070356,-97.36240490052795,64.71142474982439,64.71142474982439
260516_2dsweep_noplunger,07_3_TDS-body_Novel-2Dsweep-260516_12.s2p,12,55.34,18.8224,33.088385919325106,-89.02356151698753,55.93517559766242,55.93517559766242
260516_2dsweep_noplunger,07_3_TDS-body_Novel-2Dsweep-260516_13.s2p,13,55.34,19.0724,31.52652867006313,-80.4248158870418,48.89828721697867,48.89828721697867
260516_2dsweep_noplunger,07_3_TDS-body_Novel-2Dsweep-260516_14.s2p,14,55.34,19.3224,29.147043129726228,-72.23389973528504,43.08685660555881,43.08685660555881
260516_2dsweep_noplunger,07_3_TDS-body_Novel-2Dsweep-260516_15.s2p,15,55.34,19.5724,26.492957061315508,-65.0633757088365,38.570418647520995,38.570418647520995
260516_2dsweep_noplunger,07_3_TDS-body_Novel-2Dsweep-260516_16.s2p,16,55.34,19.8224,23.854146797656426,-58.77854618453637,34.92439938687994,37.36730701780721
260516_2dsweep_noplunger,07_3_TDS-body_Novel-2Dsweep-260516_17.s2p,17,55.34,20.0724,21.42428714115968,-53.36252372402757,31.938236582867887,45.21318913481275
260516_2dsweep_noplunger,07_3_TDS-body_Novel-2Dsweep-260516_18.s2p,18,55.34,20.3224,19.127739290847387,-48.61986452209672,29.492125231249332,52.25239618705589
260516_2dsweep_noplunger,07_3_TDS-body_Novel-2Dsweep-260516_19.s2p,19,55.59,18.3224,-143.41183621151268,68.93442934145511,74.47740687005756,92.3462655529678
260516_2dsweep_noplunger,07_3_TDS-body_Novel-2Dsweep-260516_20.s2p,20,55.59,18.5724,39.052856406562796,-102.78731617042513,63.73445976386233,63.73445976386233
260516_2dsweep_noplunger,07_3_TDS-body_Novel-2Dsweep-260516_21.s2p,21,55.59,18.8224,39.181563581934654,-94.29828368400165,55.11672010206699,55.11672010206699
260516_2dsweep_noplunger,07_3_TDS-body_Novel-2Dsweep-260516_22.s2p,22,55.59,19.0724,37.07244250394015,-85.21459620170195,48.1421536977618,48.1421536977618
260516_2dsweep_noplunger,07_3_TDS-body_Novel-2Dsweep-260516_23.s2p,23,55.59,19.3224,34.13977018390861,-76.68852862585054,42.54875844194193,42.54875844194193
260516_2dsweep_noplunger,07_3_TDS-body_Novel-2Dsweep-260516_24.s2p,24,55.59,19.5724,30.680915268515264,-68.87198570387324,38.19107043535797,38.19107043535797
260516_2dsweep_noplunger,07_3_TDS-body_Novel-2Dsweep-260516_25.s2p,25,55.59,19.8224,27.334635123871806,-61.93170752784772,34.597072403975915,34.597072403975915
260516_2dsweep_noplunger,07_3_TDS-body_Novel-2Dsweep-260516_26.s2p,26,55.59,20.0724,24.394999446123506,-56.161195164392694,31.766195718269188,39.4438053894838
260516_2dsweep_noplunger,07_3_TDS-body_Novel-2Dsweep-260516_27.s2p,27,55.59,20.3224,21.728474440472695,-51.15038377082436,29.421909330351667,47.12114178870294
260516_2dsweep_noplunger,07_3_TDS-body_Novel-2Dsweep-260516_28.s2p,28,55.84,18.3224,-137.87482924477945,61.8641401702688,76.01068907451065,79.73896941504825
260516_2dsweep_noplunger,07_3_TDS-body_Novel-2Dsweep-260516_29.s2p,29,55.84,18.5724,-134.04031791094064,69.27064782664547,64.76967008429517,83.31096573758612
260516_2dsweep_noplunger,07_3_TDS-body_Novel-2Dsweep-260516_30.s2p,30,55.84,18.8224,45.8370457800263,-101.5919571591029,55.7549113790766,55.7549113790766
260516_2dsweep_noplunger,07_3_TDS-body_Novel-2Dsweep-260516_31.s2p,31,55.84,19.0724,44.364091424587514,-92.91575390725194,48.551662482664426,48.551662482664426
260516_2dsweep_noplunger,07_3_TDS-body_Novel-2Dsweep-260516_32.s2p,32,55.84,19.3224,40.981939124647454,-83.97979654309424,42.997857418446785,42.997857418446785
260516_2dsweep_noplunger,07_3_TDS-body_Novel-2Dsweep-260516_33.s2p,33,55.84,19.5724,36.810095131715485,-75.59383542874573,38.78374029703025,38.78374029703025
260516_2dsweep_noplunger,07_3_TDS-body_Novel-2Dsweep-260516_34.s2p,34,55.84,19.8224,32.9239501887123,-67.87920438381497,34.95525419510267,34.95525419510267
260516_2dsweep_noplunger,07_3_TDS-body_Novel-2Dsweep-260516_35.s2p,35,55.84,20.0724,29.04666002977845,-61.231277242214844,32.18461721243639,32.18461721243639
260516_2dsweep_noplunger,07_3_TDS-body_Novel-2Dsweep-260516_36.s2p,36,55.84,20.3224,25.743479537671135,-55.616676589568556,29.87319705189742,38.63984387276031
260516_2dsweep_noplunger,07_3_TDS-body_Novel-2Dsweep-260516_37.s2p,37,56.09,18.3224,-131.2626744760633,57.10591319903597,74.15676127702733,74.15676127702733
260516_2dsweep_noplunger,07_3_TDS-body_Novel-2Dsweep-260516_38.s2p,38,56.09,18.5724,-127.26550452837671,64.43324635723673,62.83225817113998,71.69875088561344
260516_2dsweep_noplunger,07_3_TDS-body_Novel-2Dsweep-260516_39.s2p,39,56.09,18.8224,-126.62449874020548,72.61552938527552,54.00896935492996,79.240028125481
260516_2dsweep_noplunger,07_3_TDS-body_Novel-2Dsweep-260516_40.s2p,40,56.09,19.0724,51.22257654624701,-98.38108704287113,47.15851049662412,47.15851049662412
260516_2dsweep_noplunger,07_3_TDS-body_Novel-2Dsweep-260516_41.s2p,41,56.09,19.3224,47.05950630508943,-88.93286065216881,41.873354347079385,41.873354347079385
260516_2dsweep_noplunger,07_3_TDS-body_Novel-2Dsweep-260516_42.s2p,42,56.09,19.5724,42.22966128946126,-79.89382159024713,37.664160300785866,37.664160300785866
260516_2dsweep_noplunger,07_3_TDS-body_Novel-2Dsweep-260516_43.s2p,43,56.09,19.8224,37.43853067029855,-71.82903339860484,34.39050272830629,34.39050272830629
260516_2dsweep_noplunger,07_3_TDS-body_Novel-2Dsweep-260516_44.s2p,44,56.09,20.0724,32.97220024962894,-64.74258632337484,31.770386073745897,31.770386073745897
260516_2dsweep_noplunger,07_3_TDS-body_Novel-2Dsweep-260516_45.s2p,45,56.09,20.3224,28.93223646273549,-58.56788804028403,29.635651577548543,32.49987549698048
260516_2dsweep_noplunger,07_3_TDS-body_Novel-2Dsweep-260516_46.s2p,46,56.34,18.3224,-123.49524476860344,52.26163291380885,71.23361185479459,71.23361185479459
260516_2dsweep_noplunger,07_3_TDS-body_Novel-2Dsweep-260516_47.s2p,47,56.34,18.5724,-119.79242924155452,59.29342680317359,60.49900243838093,60.49900243838093
260516_2dsweep_noplunger,07_3_TDS-body_Novel-2Dsweep-260516_48.s2p,48,56.34,18.8224,-119.36409918027434,67.5535725468888,51.810526633385535,66.91767172716314
260516_2dsweep_noplunger,07_3_TDS-body_Novel-2Dsweep-260516_49.s2p,49,56.34,19.0724,-121.99479042416556,76.6123747029228,45.38241572124275,78.60716512708836
260516_2dsweep_noplunger,07_3_TDS-body_Novel-2Dsweep-260516_50.s2p,50,56.34,19.3224,52.98101879453918,-93.44184566984696,40.460826875307774,40.460826875307774
260516_2dsweep_noplunger,07_3_TDS-body_Novel-2Dsweep-260516_51.s2p,51,56.34,19.5724,47.771402210232395,-84.35416098333572,36.58275877310332,36.58275877310332
260516_2dsweep_noplunger,07_3_TDS-body_Novel-2Dsweep-260516_52.s2p,52,56.34,19.8224,42.01290385514767,-75.55249407789316,33.53959022274549,33.53959022274549
260516_2dsweep_noplunger,07_3_TDS-body_Novel-2Dsweep-260516_53.s2p,53,56.34,20.0724,36.76594668559716,-67.8800193016191,31.114072616021943,31.114072616021943
260516_2dsweep_noplunger,07_3_TDS-body_Novel-2Dsweep-260516_54.s2p,54,56.34,20.3224,32.105018712789416,-61.25759338761219,29.152574674822773,29.152574674822773
260516_2dsweep_noplunger,07_3_TDS-body_Novel-2Dsweep-260516_55.s2p,55,56.59,18.3224,-115.95440853418395,47.73375525008424,68.22065328409971,68.22065328409971
260516_2dsweep_noplunger,07_3_TDS-body_Novel-2Dsweep-260516_56.s2p,56,56.59,18.5724,-111.81942819845426,54.949610459847094,56.86981773860717,56.86981773860717
260516_2dsweep_noplunger,07_3_TDS-body_Novel-2Dsweep-260516_57.s2p,57,56.59,18.8224,-111.37490936371958,62.225380359992556,49.149529003727025,53.60028972371214
260516_2dsweep_noplunger,07_3_TDS-body_Novel-2Dsweep-260516_58.s2p,58,56.59,19.0724,-115.53126756980004,72.3459248345475,43.18534273525253,67.87719240434754
260516_2dsweep_noplunger,07_3_TDS-body_Novel-2Dsweep-260516_59.s2p,59,56.59,19.3224,64.83902979324426,-103.6149758306081,38.77594603736384,48.45400562385237
260516_2dsweep_noplunger,07_3_TDS-body_Novel-2Dsweep-260516_60.s2p,60,56.59,19.5724,53.54372596399915,-88.83175391892452,35.28802795492537,35.28802795492537
260516_2dsweep_noplunger,07_3_TDS-body_Novel-2Dsweep-260516_61.s2p,61,56.59,19.8224,46.803605656236016,-79.33944260524876,32.53583694901275,32.53583694901275
260516_2dsweep_noplunger,07_3_TDS-body_Novel-2Dsweep-260516_62.s2p,62,56.59,20.0724,40.806754784105436,-71.20592012563894,30.399165341533504,30.399165341533504
260516_2dsweep_noplunger,07_3_TDS-body_Novel-2Dsweep-260516_63.s2p,63,56.59,20.3224,35.343153375139366,-63.93189287991137,28.588739504772008,28.588739504772008
260516_2dsweep_noplunger,07_3_TDS-body_Novel-2Dsweep-260516_64.s2p,64,56.84,18.3224,-106.84260694615166,44.04939419870823,62.793212747443434,62.793212747443434
260516_2dsweep_noplunger,07_3_TDS-body_Novel-2Dsweep-260516_65.s2p,65,56.84,18.5724,-103.78392651296858,50.53873861954074,53.24518789342784,53.24518789342784
260516_2dsweep_noplunger,07_3_TDS-body_Novel-2Dsweep-260516_66.s2p,66,56.84,18.8224,-104.22169733753661,58.16993834276556,46.05175899477105,46.05175899477105
260516_2dsweep_noplunger,07_3_TDS-body_Novel-2Dsweep-260516_67.s2p,67,56.84,19.0724,-107.83472915636854,66.97204611168362,40.862683044684914,54.806775268052164
260516_2dsweep_noplunger,07_3_TDS-body_Novel-2Dsweep-260516_68.s2p,68,56.84,19.3224,-107.15343691869805,70.08269701277788,37.07073990592016,57.23613393147593
260516_2dsweep_noplunger,07_3_TDS-body_Novel-2Dsweep-260516_69.s2p,69,56.84,19.5724,58.935663262662246,-92.71445439746095,33.77879113479871,33.77879113479871
260516_2dsweep_noplunger,07_3_TDS-body_Novel-2Dsweep-260516_70.s2p,70,56.84,19.8224,51.866240172178806,-83.25822155276185,31.391981380583047,31.391981380583047
260516_2dsweep_noplunger,07_3_TDS-body_Novel-2Dsweep-260516_71.s2p,71,56.84,20.0724,45.021913505552334,-74.46656428338956,29.444650777837225,29.444650777837225
260516_2dsweep_noplunger,07_3_TDS-body_Novel-2Dsweep-260516_72.s2p,72,56.84,20.3224,38.84532039941831,-66.7431245998414,27.89780420042308,27.89780420042308
260516_2dsweep_noplunger,07_3_TDS-body_Novel-2Dsweep-260516_73.s2p,73,57.09,18.3224,-97.61855794526069,40.324804627519796,57.293753317740894,57.293753317740894
260516_2dsweep_noplunger,07_3_TDS-body_Novel-2Dsweep-260516_74.s2p,74,57.09,18.5724,-95.27161444263558,46.36147633110579,48.91013811152979,48.91013811152979
260516_2dsweep_noplunger,07_3_TDS-body_Novel-2Dsweep-260516_75.s2p,75,57.09,18.8224,-96.58505601306443,53.9531167964773,42.63193921658713,42.63193921658713
260516_2dsweep_noplunger,07_3_TDS-body_Novel-2Dsweep-260516_76.s2p,76,57.09,19.0724,-100.31680823301409,62.1722152365781,38.14459299643599,42.48902346959218
260516_2dsweep_noplunger,07_3_TDS-body_Novel-2Dsweep-260516_77.s2p,77,57.09,19.3224,-107.16805284449306,72.29244036603296,34.8756124784601,59.460493210526025
260516_2dsweep_noplunger,07_3_TDS-body_Novel-2Dsweep-260516_78.s2p,78,57.09,19.5724,64.87895470282476,-97.07601899294457,32.19706429011981,41.954973695769326
260516_2dsweep_noplunger,07_3_TDS-body_Novel-2Dsweep-260516_79.s2p,79,57.09,19.8224,56.789441976387565,-86.83856250475591,30.04912052836835,30.04912052836835
260516_2dsweep_noplunger,07_3_TDS-body_Novel-2Dsweep-260516_80.s2p,80,57.09,20.0724,49.91979222278084,-78.39756049864195,28.47776827586111,28.47776827586111
260516_2dsweep_noplunger,07_3_TDS-body_Novel-2Dsweep-260516_81.s2p,81,57.09,20.3224,42.39401696222214,-69.41842190489544,27.0244049426733,27.0244049426733
260516_2dsweep_noplunger,07_3_TDS-body_Novel-2Dsweep-260516_82.s2p,82,57.34,18.3224,-88.36421919473983,37.046256089959684,51.31796310478015,51.31796310478015
260516_2dsweep_noplunger,07_3_TDS-body_Novel-2Dsweep-260516_83.s2p,83,57.34,18.5724,-87.202897231863,42.67964287606529,44.52325435579772,44.52325435579772
260516_2dsweep_noplunger,07_3_TDS-body_Novel-2Dsweep-260516_84.s2p,84,57.34,18.8224,-89.65033284234036,49.97856824875049,39.67176459358987,39.67176459358987
260516_2dsweep_noplunger,07_3_TDS-body_Novel-2Dsweep-260516_85.s2p,85,57.34,19.0724,-93.90727019123415,58.47936461246775,35.4279055787664,35.4279055787664
260516_2dsweep_noplunger,07_3_TDS-body_Novel-2Dsweep-260516_86.s2p,86,57.34,19.3224,-100.86549934860417,68.32681782197841,32.538681526625766,49.192317170582584
260516_2dsweep_noplunger,07_3_TDS-body_Novel-2Dsweep-260516_87.s2p,87,57.34,19.5724,-109.22572676874515,78.78225908804063,30.443467680704515,68.00798585678578
260516_2dsweep_noplunger,07_3_TDS-body_Novel-2Dsweep-260516_88.s2p,88,57.34,19.8224,61.81280390178961,-90.49614671847598,28.683342816686377,32.30895062026559
260516_2dsweep_noplunger,07_3_TDS-body_Novel-2Dsweep-260516_89.s2p,89,57.34,20.0724,52.98043974812964,-80.33076145850134,27.350321710371702,27.350321710371702
260516_2dsweep_noplunger,07_3_TDS-body_Novel-2Dsweep-260516_90.s2p,90,57.34,20.3224,45.77443658020084,-71.98786828115172,26.213431700950878,26.213431700950878
260516_2dsweep_noplunger,07_3_TDS-body_Novel-2Dsweep-260516_91.s2p,91,57.59,18.3224,-78.89505985463381,34.66407880987336,44.230981044760455,44.230981044760455
260516_2dsweep_noplunger,07_3_TDS-body_Novel-2Dsweep-260516_92.s2p,92,57.59,18.5724,-79.52868644297104,40.90797881591038,38.62070762706065,38.62070762706065
260516_2dsweep_noplunger,07_3_TDS-body_Novel-2Dsweep-260516_93.s2p,93,57.59,18.8224,-82.5062384584638,47.36773749996394,35.13850095849986,35.13850095849986
260516_2dsweep_noplunger,07_3_TDS-body_Novel-2Dsweep-260516_94.s2p,94,57.59,19.0724,-87.49068733928294,54.825970602171594,32.66471673711135,32.66471673711135
260516_2dsweep_noplunger,07_3_TDS-body_Novel-2Dsweep-260516_95.s2p,95,57.59,19.3224,-94.62926846816198,64.20253529803497,30.426733170127008,38.831803766196956
260516_2dsweep_noplunger,07_3_TDS-body_Novel-2Dsweep-260516_96.s2p,96,57.59,19.5724,-103.84933919027586,75.14905217421858,28.700287016057274,58.99839136449444
260516_2dsweep_noplunger,07_3_TDS-body_Novel-2Dsweep-260516_97.s2p,97,57.59,19.8224,66.79310328990533,-94.36719377820387,27.574090488298538,41.1602970681092
260516_2dsweep_noplunger,07_3_TDS-body_Novel-2Dsweep-260516_98.s2p,98,57.59,20.0724,58.34814058601512,-84.76002652812281,26.411885942107688,26.411885942107688
260516_2dsweep_noplunger,07_3_TDS-body_Novel-2Dsweep-260516_99.s2p,99,57.59,20.3224,49.9728371635984,-75.44935628586899,25.476519122270588,25.476519122270588
260516_2dsweep_noplunger,07_3_TDS-body_Novel-2Dsweep-260516_100.s2p,100,57.84,18.3224,-71.09691471997762,30.28903438859021,40.80788033138741,40.80788033138741
260516_2dsweep_noplunger,07_3_TDS-body_Novel-2Dsweep-260516_101.s2p,101,57.84,18.5724,-72.38518055690093,36.1564574834361,36.228723073464835,36.228723073464835
260516_2dsweep_noplunger,07_3_TDS-body_Novel-2Dsweep-260516_102.s2p,102,57.84,18.8224,-75.68787910447287,42.663350544864954,33.024528559607916,33.024528559607916
260516_2dsweep_noplunger,07_3_TDS-body_Novel-2Dsweep-260516_103.s2p,103,57.84,19.0724,-81.05258243614537,50.431062579068396,30.621519857076976,30.621519857076976
260516_2dsweep_noplunger,07_3_TDS-body_Novel-2Dsweep-260516_112.s2p,112,57.84,19.3224,-88.92616061849559,60.18939269547056,28.736767923025027,29.115553313966146
260516_2dsweep_noplunger,07_3_TDS-body_Novel-2Dsweep-260516_113.s2p,113,57.84,19.5724,-97.17382445871361,69.89387106012643,27.279953398587182,47.06769551884004
260516_2dsweep_noplunger,07_3_TDS-body_Novel-2Dsweep-260516_114.s2p,114,57.84,19.8224,56.60977037048917,-82.74945120375715,26.139680833267974,26.139680833267974
260516_2dsweep_noplunger,07_3_TDS-body_Novel-2Dsweep-260516_115.s2p,115,57.84,20.0724,62.56157710911026,-87.78037486356867,25.218797754458407,30.341951972678928
260516_2dsweep_noplunger,07_3_TDS-body_Novel-2Dsweep-260516_104.s2p,104,57.84,20.3224,53.35951830991738,-77.85658822125758,24.497069911340205,24.497069911340205
260516_2dsweep_noplunger,07_3_TDS-body_Novel-2Dsweep-260516_116.s2p,116,58.09,18.3224,-63.85345006317198,28.31279341947021,35.540656643701766,35.540656643701766
260516_2dsweep_noplunger,07_3_TDS-body_Novel-2Dsweep-260516_105.s2p,105,58.09,18.5724,-65.20337993122241,32.97639499039468,32.226984940827734,32.226984940827734
260516_2dsweep_noplunger,07_3_TDS-body_Novel-2Dsweep-260516_106.s2p,106,58.09,18.8224,-69.67476138917816,39.747240773068484,29.927520616109675,29.927520616109675
260516_2dsweep_noplunger,07_3_TDS-body_Novel-2Dsweep-260516_117.s2p,117,58.09,19.0724,-75.46733685128272,47.37309556474759,28.094241286535137,28.094241286535137
260516_2dsweep_noplunger,07_3_TDS-body_Novel-2Dsweep-260516_107.s2p,107,58.09,19.3224,-83.41278398819603,56.70017697701988,26.712607011176146,26.712607011176146
260516_2dsweep_noplunger,07_3_TDS-body_Novel-2Dsweep-260516_108.s2p,108,58.09,19.5724,-92.69466487505898,67.0814915776017,25.61317329745728,39.77615645266067
260516_2dsweep_noplunger,07_3_TDS-body_Novel-2Dsweep-260516_109.s2p,109,58.09,19.8224,-102.56056308932948,77.8409868845306,24.719576204798884,60.40154997386007
260516_2dsweep_noplunger,07_3_TDS-body_Novel-2Dsweep-260516_110.s2p,110,58.09,20.0724,66.18062229013739,-90.18230121467705,24.00167892453966,36.36292350481445
260516_2dsweep_noplunger,07_3_TDS-body_Novel-2Dsweep-260516_111.s2p,111,58.09,20.3224,53.825396523036915,-76.944651893712,23.11925537067509,23.11925537067509
