dataset_id,data_layer,source_file,tune_position,s_name,marker_name,marker_role,marker_source,target_freq_ghz,freq_ghz,freq_error_ghz,s_db,s_phase_deg,source_format,uncorrected_freq_ghz,frequency_scale_factor,temp_op_C,temp_meas_C,humidity_fraction
260504_tds_body_plunger,sim,260504_Cell_0.5_RI.s2p,,S11,f_2pi3,sim,dispersion_mode_1,2.8571160335532,2.8571,-1.6033553200234252e-05,-0.014828081472785973,-35.58083447325223,touchstone_ri,2.8571160335532,1.0,,,
260504_tds_body_plunger,sim,260504_Cell_0.5_RI.s2p,,S12,f_2pi3,sim,dispersion_mode_1,2.8571160335532,2.8571,-1.6033553200234252e-05,-27.956049160957647,-125.28350021531469,touchstone_ri,2.8571160335532,1.0,,,
260504_tds_body_plunger,sim,260504_Cell_0.5_RI.s2p,,S21,f_2pi3,sim,dispersion_mode_1,2.8571160335532,2.8571,-1.6033553200234252e-05,-27.957316100044032,-125.28279764440374,touchstone_ri,2.8571160335532,1.0,,,
260504_tds_body_plunger,sim,260504_Cell_0.5_RI.s2p,,S22,f_2pi3,sim,dispersion_mode_1,2.8571160335532,2.8571,-1.6033553200234252e-05,-0.008674747433308129,-35.63129518822671,touchstone_ri,2.8571160335532,1.0,,,
260504_tds_body_plunger,sim,260504_Cell_1.5_RI.s2p,,S11,f_2pi3,sim,dispersion_mode_1,2.8571160335532,2.8571,-1.6033553200234252e-05,-1.9266883337374479,-151.2196458604138,touchstone_ri,2.8571160335532,1.0,,,
260504_tds_body_plunger,sim,260504_Cell_1.5_RI.s2p,,S12,f_2pi3,sim,dispersion_mode_1,2.8571160335532,2.8571,-1.6033553200234252e-05,-39.84005268528717,-168.15213578733895,touchstone_ri,2.8571160335532,1.0,,,
260504_tds_body_plunger,sim,260504_Cell_1.5_RI.s2p,,S21,f_2pi3,sim,dispersion_mode_1,2.8571160335532,2.8571,-1.6033553200234252e-05,-39.744775869206,-168.87481892677036,touchstone_ri,2.8571160335532,1.0,,,
260504_tds_body_plunger,sim,260504_Cell_1.5_RI.s2p,,S22,f_2pi3,sim,dispersion_mode_1,2.8571160335532,2.8571,-1.6033553200234252e-05,-0.0006845857375318525,2.0909892720502326,touchstone_ri,2.8571160335532,1.0,,,
260504_tds_body_plunger,sim,260504_Cell_2.5_RI.s2p,,S11,f_2pi3,sim,dispersion_mode_1,2.8571160335532,2.8571,-1.6033553200234252e-05,-0.007728065457193288,-44.702728049034,touchstone_ri,2.8571160335532,1.0,,,
260504_tds_body_plunger,sim,260504_Cell_2.5_RI.s2p,,S12,f_2pi3,sim,dispersion_mode_1,2.8571160335532,2.8571,-1.6033553200234252e-05,-97.49024768356665,-139.66172060049948,touchstone_ri,2.8571160335532,1.0,,,
260504_tds_body_plunger,sim,260504_Cell_2.5_RI.s2p,,S21,f_2pi3,sim,dispersion_mode_1,2.8571160335532,2.8571,-1.6033553200234252e-05,-93.99614516889397,150.8401910349097,touchstone_ri,2.8571160335532,1.0,,,
260504_tds_body_plunger,sim,260504_Cell_2.5_RI.s2p,,S22,f_2pi3,sim,dispersion_mode_1,2.8571160335532,2.8571,-1.6033553200234252e-05,-0.0003840779863223424,-15.615333368441808,touchstone_ri,2.8571160335532,1.0,,,
260504_tds_body_plunger,sim,260504_Cell_3.5_RI.s2p,,S11,f_2pi3,sim,dispersion_mode_1,2.8571160335532,2.8571,-1.6033553200234252e-05,-0.0031502892967604536,-41.223715466475454,touchstone_ri,2.8571160335532,1.0,,,
260504_tds_body_plunger,sim,260504_Cell_3.5_RI.s2p,,S12,f_2pi3,sim,dispersion_mode_1,2.8571160335532,2.8571,-1.6033553200234252e-05,-80.98598905118372,96.47382757890011,touchstone_ri,2.8571160335532,1.0,,,
260504_tds_body_plunger,sim,260504_Cell_3.5_RI.s2p,,S21,f_2pi3,sim,dispersion_mode_1,2.8571160335532,2.8571,-1.6033553200234252e-05,-79.17353549011736,73.1199366805764,touchstone_ri,2.8571160335532,1.0,,,
260504_tds_body_plunger,sim,260504_Cell_3.5_RI.s2p,,S22,f_2pi3,sim,dispersion_mode_1,2.8571160335532,2.8571,-1.6033553200234252e-05,-0.0013247055087326563,20.99370220157623,touchstone_ri,2.8571160335532,1.0,,,
260504_tds_body_plunger,sim,260504_Cell_4.5_RI.s2p,,S11,f_2pi3,sim,dispersion_mode_1,2.8571160335532,2.8571,-1.6033553200234252e-05,-0.0024801507560406346,-38.88024860813716,touchstone_ri,2.8571160335532,1.0,,,
260504_tds_body_plunger,sim,260504_Cell_4.5_RI.s2p,,S12,f_2pi3,sim,dispersion_mode_1,2.8571160335532,2.8571,-1.6033553200234252e-05,-101.03908756320564,81.65943857761042,touchstone_ri,2.8571160335532,1.0,,,
260504_tds_body_plunger,sim,260504_Cell_4.5_RI.s2p,,S21,f_2pi3,sim,dispersion_mode_1,2.8571160335532,2.8571,-1.6033553200234252e-05,-93.32457571278846,133.54087219563357,touchstone_ri,2.8571160335532,1.0,,,
260504_tds_body_plunger,sim,260504_Cell_4.5_RI.s2p,,S22,f_2pi3,sim,dispersion_mode_1,2.8571160335532,2.8571,-1.6033553200234252e-05,-0.0001113965171561997,-0.6984586173923603,touchstone_ri,2.8571160335532,1.0,,,
260504_tds_body_plunger,sim,260504_Cell_5.5_RI.s2p,,S11,f_2pi3,sim,dispersion_mode_1,2.8571160335532,2.8571,-1.6033553200234252e-05,-0.004815026441254965,-34.778416811089954,touchstone_ri,2.8571160335532,1.0,,,
260504_tds_body_plunger,sim,260504_Cell_5.5_RI.s2p,,S12,f_2pi3,sim,dispersion_mode_1,2.8571160335532,2.8571,-1.6033553200234252e-05,-79.82055779967925,60.015748334711425,touchstone_ri,2.8571160335532,1.0,,,
260504_tds_body_plunger,sim,260504_Cell_5.5_RI.s2p,,S21,f_2pi3,sim,dispersion_mode_1,2.8571160335532,2.8571,-1.6033553200234252e-05,-85.52491706061333,127.65525125755858,touchstone_ri,2.8571160335532,1.0,,,
260504_tds_body_plunger,sim,260504_Cell_5.5_RI.s2p,,S22,f_2pi3,sim,dispersion_mode_1,2.8571160335532,2.8571,-1.6033553200234252e-05,-0.0009772891056132884,-25.857659058065995,touchstone_ri,2.8571160335532,1.0,,,
260504_tds_body_plunger,sim,260504_Cell_0.5_RI.s2p,,S11,f_mean,sim,dispersion_mode_1,2.8672804543714,2.8673,1.9545628600070586e-05,-0.029075267849021952,-58.93628882290634,touchstone_ri,2.8672804543714,1.0,,,
260504_tds_body_plunger,sim,260504_Cell_0.5_RI.s2p,,S12,f_mean,sim,dispersion_mode_1,2.8672804543714,2.8673,1.9545628600070586e-05,-23.39320001928464,-145.16089097441997,touchstone_ri,2.8672804543714,1.0,,,
260504_tds_body_plunger,sim,260504_Cell_0.5_RI.s2p,,S21,f_mean,sim,dispersion_mode_1,2.8672804543714,2.8673,1.9545628600070586e-05,-23.391489324525153,-145.15661591899712,touchstone_ri,2.8672804543714,1.0,,,
260504_tds_body_plunger,sim,260504_Cell_0.5_RI.s2p,,S22,f_mean,sim,dispersion_mode_1,2.8672804543714,2.8673,1.9545628600070586e-05,-0.021904654976365866,-51.21607652989713,touchstone_ri,2.8672804543714,1.0,,,
260504_tds_body_plunger,sim,260504_Cell_1.5_RI.s2p,,S11,f_mean,sim,dispersion_mode_1,2.8672804543714,2.8673,1.9545628600070586e-05,-0.00914638967432087,-49.808187143193464,touchstone_ri,2.8672804543714,1.0,,,
260504_tds_body_plunger,sim,260504_Cell_1.5_RI.s2p,,S12,f_mean,sim,dispersion_mode_1,2.8672804543714,2.8673,1.9545628600070586e-05,-61.84183442371892,61.441193016343796,touchstone_ri,2.8672804543714,1.0,,,
260504_tds_body_plunger,sim,260504_Cell_1.5_RI.s2p,,S21,f_mean,sim,dispersion_mode_1,2.8672804543714,2.8673,1.9545628600070586e-05,-61.885896290278986,63.17817741015489,touchstone_ri,2.8672804543714,1.0,,,
260504_tds_body_plunger,sim,260504_Cell_1.5_RI.s2p,,S22,f_mean,sim,dispersion_mode_1,2.8672804543714,2.8673,1.9545628600070586e-05,-0.00015444868970980772,-3.932283063289776,touchstone_ri,2.8672804543714,1.0,,,
260504_tds_body_plunger,sim,260504_Cell_2.5_RI.s2p,,S11,f_mean,sim,dispersion_mode_1,2.8672804543714,2.8673,1.9545628600070586e-05,-0.24090489240490504,9.812785539856076,touchstone_ri,2.8672804543714,1.0,,,
260504_tds_body_plunger,sim,260504_Cell_2.5_RI.s2p,,S12,f_mean,sim,dispersion_mode_1,2.8672804543714,2.8673,1.9545628600070586e-05,-77.24317819946049,66.95617956165239,touchstone_ri,2.8672804543714,1.0,,,
260504_tds_body_plunger,sim,260504_Cell_2.5_RI.s2p,,S21,f_mean,sim,dispersion_mode_1,2.8672804543714,2.8673,1.9545628600070586e-05,-70.70626890591778,65.17309537596557,touchstone_ri,2.8672804543714,1.0,,,
260504_tds_body_plunger,sim,260504_Cell_2.5_RI.s2p,,S22,f_mean,sim,dispersion_mode_1,2.8672804543714,2.8673,1.9545628600070586e-05,-0.0043277153317319746,-113.67820507319723,touchstone_ri,2.8672804543714,1.0,,,
260504_tds_body_plunger,sim,260504_Cell_3.5_RI.s2p,,S11,f_mean,sim,dispersion_mode_1,2.8672804543714,2.8673,1.9545628600070586e-05,-0.0204319104256048,-74.38053234188578,touchstone_ri,2.8672804543714,1.0,,,
260504_tds_body_plunger,sim,260504_Cell_3.5_RI.s2p,,S12,f_mean,sim,dispersion_mode_1,2.8672804543714,2.8673,1.9545628600070586e-05,-72.49710748340166,-14.73321946827156,touchstone_ri,2.8672804543714,1.0,,,
260504_tds_body_plunger,sim,260504_Cell_3.5_RI.s2p,,S21,f_mean,sim,dispersion_mode_1,2.8672804543714,2.8673,1.9545628600070586e-05,-75.05314683382488,58.292190704632674,touchstone_ri,2.8672804543714,1.0,,,
260504_tds_body_plunger,sim,260504_Cell_3.5_RI.s2p,,S22,f_mean,sim,dispersion_mode_1,2.8672804543714,2.8673,1.9545628600070586e-05,-3.7514704652502296e-05,0.8938066767725482,touchstone_ri,2.8672804543714,1.0,,,
260504_tds_body_plunger,sim,260504_Cell_4.5_RI.s2p,,S11,f_mean,sim,dispersion_mode_1,2.8672804543714,2.8673,1.9545628600070586e-05,-0.006820299196274061,-61.40289468013834,touchstone_ri,2.8672804543714,1.0,,,
260504_tds_body_plunger,sim,260504_Cell_4.5_RI.s2p,,S12,f_mean,sim,dispersion_mode_1,2.8672804543714,2.8673,1.9545628600070586e-05,-93.36809719814114,61.58403951654753,touchstone_ri,2.8672804543714,1.0,,,
260504_tds_body_plunger,sim,260504_Cell_4.5_RI.s2p,,S21,f_mean,sim,dispersion_mode_1,2.8672804543714,2.8673,1.9545628600070586e-05,-90.0198011056451,8.13988507194198,touchstone_ri,2.8672804543714,1.0,,,
260504_tds_body_plunger,sim,260504_Cell_4.5_RI.s2p,,S22,f_mean,sim,dispersion_mode_1,2.8672804543714,2.8673,1.9545628600070586e-05,-0.00022309858582805403,-33.006454000381204,touchstone_ri,2.8672804543714,1.0,,,
260504_tds_body_plunger,sim,260504_Cell_5.5_RI.s2p,,S11,f_mean,sim,dispersion_mode_1,2.8672804543714,2.8673,1.9545628600070586e-05,-0.004999857960079741,-53.55837386833301,touchstone_ri,2.8672804543714,1.0,,,
260504_tds_body_plunger,sim,260504_Cell_5.5_RI.s2p,,S12,f_mean,sim,dispersion_mode_1,2.8672804543714,2.8673,1.9545628600070586e-05,-79.20440945948125,-92.96253458702607,touchstone_ri,2.8672804543714,1.0,,,
260504_tds_body_plunger,sim,260504_Cell_5.5_RI.s2p,,S21,f_mean,sim,dispersion_mode_1,2.8672804543714,2.8673,1.9545628600070586e-05,-76.9338893718694,121.99491059506167,touchstone_ri,2.8672804543714,1.0,,,
260504_tds_body_plunger,sim,260504_Cell_5.5_RI.s2p,,S22,f_mean,sim,dispersion_mode_1,2.8672804543714,2.8673,1.9545628600070586e-05,-0.00025767102510293834,6.791092937748187,touchstone_ri,2.8672804543714,1.0,,,
260504_tds_body_plunger,sim,260504_Cell_0.5_RI.s2p,,S11,f_pi2,sim,dispersion_mode_1,2.8774448751896,2.87744,-4.875189600017649e-06,-0.3897852016322175,-124.48363537490306,touchstone_ri,2.8774448751896,1.0,,,
260504_tds_body_plunger,sim,260504_Cell_0.5_RI.s2p,,S12,f_pi2,sim,dispersion_mode_1,2.8774448751896,2.87744,-4.875189600017649e-06,-11.259346167719036,167.15292501811837,touchstone_ri,2.8774448751896,1.0,,,
260504_tds_body_plunger,sim,260504_Cell_0.5_RI.s2p,,S21,f_pi2,sim,dispersion_mode_1,2.8774448751896,2.87744,-4.875189600017649e-06,-11.258319568563342,167.1538702134385,touchstone_ri,2.8774448751896,1.0,,,
260504_tds_body_plunger,sim,260504_Cell_0.5_RI.s2p,,S22,f_pi2,sim,dispersion_mode_1,2.8774448751896,2.87744,-4.875189600017649e-06,-0.34615782549724744,-80.55958254730814,touchstone_ri,2.8774448751896,1.0,,,
260504_tds_body_plunger,sim,260504_Cell_1.5_RI.s2p,,S11,f_pi2,sim,dispersion_mode_1,2.8774448751896,2.87744,-4.875189600017649e-06,-0.02198117055041214,-92.24379304566878,touchstone_ri,2.8774448751896,1.0,,,
260504_tds_body_plunger,sim,260504_Cell_1.5_RI.s2p,,S12,f_pi2,sim,dispersion_mode_1,2.8774448751896,2.87744,-4.875189600017649e-06,-61.66825362518112,39.98442857227345,touchstone_ri,2.8774448751896,1.0,,,
260504_tds_body_plunger,sim,260504_Cell_1.5_RI.s2p,,S21,f_pi2,sim,dispersion_mode_1,2.8774448751896,2.87744,-4.875189600017649e-06,-61.72357919281643,40.63241875725158,touchstone_ri,2.8774448751896,1.0,,,
260504_tds_body_plunger,sim,260504_Cell_1.5_RI.s2p,,S22,f_pi2,sim,dispersion_mode_1,2.8774448751896,2.87744,-4.875189600017649e-06,-0.00015632583552269174,-10.076636341591584,touchstone_ri,2.8774448751896,1.0,,,
260504_tds_body_plunger,sim,260504_Cell_2.5_RI.s2p,,S11,f_pi2,sim,dispersion_mode_1,2.8774448751896,2.87744,-4.875189600017649e-06,-0.01766913275798588,-64.76102217263778,touchstone_ri,2.8774448751896,1.0,,,
260504_tds_body_plunger,sim,260504_Cell_2.5_RI.s2p,,S12,f_pi2,sim,dispersion_mode_1,2.8774448751896,2.87744,-4.875189600017649e-06,-80.86819583032204,-104.43266700511867,touchstone_ri,2.8774448751896,1.0,,,
260504_tds_body_plunger,sim,260504_Cell_2.5_RI.s2p,,S21,f_pi2,sim,dispersion_mode_1,2.8774448751896,2.87744,-4.875189600017649e-06,-85.75080679506938,-150.1976595265751,touchstone_ri,2.8774448751896,1.0,,,
260504_tds_body_plunger,sim,260504_Cell_2.5_RI.s2p,,S22,f_pi2,sim,dispersion_mode_1,2.8774448751896,2.87744,-4.875189600017649e-06,-0.0008889069605966245,39.93003533178339,touchstone_ri,2.8774448751896,1.0,,,
260504_tds_body_plunger,sim,260504_Cell_3.5_RI.s2p,,S11,f_pi2,sim,dispersion_mode_1,2.8774448751896,2.87744,-4.875189600017649e-06,-0.20899470898355033,63.69787915958739,touchstone_ri,2.8774448751896,1.0,,,
260504_tds_body_plunger,sim,260504_Cell_3.5_RI.s2p,,S12,f_pi2,sim,dispersion_mode_1,2.8774448751896,2.87744,-4.875189600017649e-06,-62.782984582648275,-57.32644991317772,touchstone_ri,2.8774448751896,1.0,,,
260504_tds_body_plunger,sim,260504_Cell_3.5_RI.s2p,,S21,f_pi2,sim,dispersion_mode_1,2.8774448751896,2.87744,-4.875189600017649e-06,-62.09831115690808,-62.161896487662446,touchstone_ri,2.8774448751896,1.0,,,
260504_tds_body_plunger,sim,260504_Cell_3.5_RI.s2p,,S22,f_pi2,sim,dispersion_mode_1,2.8774448751896,2.87744,-4.875189600017649e-06,-0.00024705816829870156,-11.250511524237098,touchstone_ri,2.8774448751896,1.0,,,
260504_tds_body_plunger,sim,260504_Cell_4.5_RI.s2p,,S11,f_pi2,sim,dispersion_mode_1,2.8774448751896,2.87744,-4.875189600017649e-06,-0.0338946189491904,-121.52747655409664,touchstone_ri,2.8774448751896,1.0,,,
260504_tds_body_plunger,sim,260504_Cell_4.5_RI.s2p,,S12,f_pi2,sim,dispersion_mode_1,2.8774448751896,2.87744,-4.875189600017649e-06,-91.25176811697463,-136.478654560978,touchstone_ri,2.8774448751896,1.0,,,
260504_tds_body_plunger,sim,260504_Cell_4.5_RI.s2p,,S21,f_pi2,sim,dispersion_mode_1,2.8774448751896,2.87744,-4.875189600017649e-06,-74.3792093029939,-113.71017229298167,touchstone_ri,2.8774448751896,1.0,,,
260504_tds_body_plunger,sim,260504_Cell_4.5_RI.s2p,,S22,f_pi2,sim,dispersion_mode_1,2.8774448751896,2.87744,-4.875189600017649e-06,-0.0007622312494754109,33.662583616335795,touchstone_ri,2.8774448751896,1.0,,,
260504_tds_body_plunger,sim,260504_Cell_5.5_RI.s2p,,S11,f_pi2,sim,dispersion_mode_1,2.8774448751896,2.87744,-4.875189600017649e-06,-0.011795007976689744,-91.26420333033326,touchstone_ri,2.8774448751896,1.0,,,
260504_tds_body_plunger,sim,260504_Cell_5.5_RI.s2p,,S12,f_pi2,sim,dispersion_mode_1,2.8774448751896,2.87744,-4.875189600017649e-06,-78.5111762403138,-150.00608217417394,touchstone_ri,2.8774448751896,1.0,,,
260504_tds_body_plunger,sim,260504_Cell_5.5_RI.s2p,,S21,f_pi2,sim,dispersion_mode_1,2.8774448751896,2.87744,-4.875189600017649e-06,-73.43291216349687,-122.79858874621397,touchstone_ri,2.8774448751896,1.0,,,
260504_tds_body_plunger,sim,260504_Cell_5.5_RI.s2p,,S22,f_pi2,sim,dispersion_mode_1,2.8774448751896,2.87744,-4.875189600017649e-06,-0.00021157153504488025,-12.540792490292393,touchstone_ri,2.8774448751896,1.0,,,
