dataset_id,data_layer,source_file,tune_position,s_name,marker_name,marker_role,marker_source,target_freq_ghz,freq_ghz,freq_error_ghz,s_db,s_phase_deg,source_format,uncorrected_freq_ghz,frequency_scale_factor,temp_op_C,temp_meas_C,humidity_fraction,run_id,sim_NumDepth,sim_r_c,sim_w_c
260527_iris_line_sweep,sim,06_3-5_TDS-Half-Plunger-Iris2Dsweep-260527_1.s1p,,S11,f_2pi3,sim,dispersion_mode_1,2.8571160335532,2.857116,-3.355320021825037e-08,-2.7132918376346064e-05,-131.498315059198,touchstone_ri,2.8571160335532,1.0,,,,1,1.0,56.59,19.3224
260527_iris_line_sweep,sim,06_3-5_TDS-Half-Plunger-Iris2Dsweep-260527_10.s1p,,S11,f_2pi3,sim,dispersion_mode_1,2.8571160335532,2.857116,-3.355320021825037e-08,-3.935912456205689e-06,22.90211021647629,touchstone_ri,2.8571160335532,1.0,,,,10,2.0,55.59,19.3224
260527_iris_line_sweep,sim,06_3-5_TDS-Half-Plunger-Iris2Dsweep-260527_11.s1p,,S11,f_2pi3,sim,dispersion_mode_1,2.8571160335532,2.857116,-3.355320021825037e-08,-2.045410600251727e-06,17.759197548931898,touchstone_ri,2.8571160335532,1.0,,,,11,2.0,55.59,19.8224
260527_iris_line_sweep,sim,06_3-5_TDS-Half-Plunger-Iris2Dsweep-260527_12.s1p,,S11,f_2pi3,sim,dispersion_mode_1,2.8571160335532,2.857116,-3.355320021825037e-08,3.8867990000533843e-10,13.922414617547679,touchstone_ri,2.8571160335532,1.0,,,,12,2.0,55.59,20.3224
260527_iris_line_sweep,sim,06_3-5_TDS-Half-Plunger-Iris2Dsweep-260527_13.s1p,,S11,f_2pi3,sim,dispersion_mode_1,2.8571160335532,2.857116,-3.355320021825037e-08,-6.44336651310172e-07,14.046933005951514,touchstone_ri,2.8571160335532,1.0,,,,13,2.0,56.59,18.3224
260527_iris_line_sweep,sim,06_3-5_TDS-Half-Plunger-Iris2Dsweep-260527_14.s1p,,S11,f_2pi3,sim,dispersion_mode_1,2.8571160335532,2.857116,-3.355320021825037e-08,-1.1151077806402055e-09,9.979321416465469,touchstone_ri,2.8571160335532,1.0,,,,14,2.0,56.59,18.8224
260527_iris_line_sweep,sim,06_3-5_TDS-Half-Plunger-Iris2Dsweep-260527_15.s1p,,S11,f_2pi3,sim,dispersion_mode_1,2.8571160335532,2.857116,-3.355320021825037e-08,-3.583334893514905e-08,4.696010263050682,touchstone_ri,2.8571160335532,1.0,,,,15,2.0,56.59,19.8224
260527_iris_line_sweep,sim,06_3-5_TDS-Half-Plunger-Iris2Dsweep-260527_16.s1p,,S11,f_2pi3,sim,dispersion_mode_1,2.8571160335532,2.857116,-3.355320021825037e-08,-1.0424958510546575e-09,2.8838887830097413,touchstone_ri,2.8571160335532,1.0,,,,16,2.0,56.59,20.3224
260527_iris_line_sweep,sim,06_3-5_TDS-Half-Plunger-Iris2Dsweep-260527_17.s1p,,S11,f_2pi3,sim,dispersion_mode_1,2.8571160335532,2.857116,-3.355320021825037e-08,-4.272035573594819e-06,-3.6296323267947166,touchstone_ri,2.8571160335532,1.0,,,,17,2.0,57.59,18.3224
260527_iris_line_sweep,sim,06_3-5_TDS-Half-Plunger-Iris2Dsweep-260527_18.s1p,,S11,f_2pi3,sim,dispersion_mode_1,2.8571160335532,2.857116,-3.355320021825037e-08,-4.955621966847412e-06,-4.552105557716394,touchstone_ri,2.8571160335532,1.0,,,,18,2.0,57.59,18.8224
260527_iris_line_sweep,sim,06_3-5_TDS-Half-Plunger-Iris2Dsweep-260527_19.s1p,,S11,f_2pi3,sim,dispersion_mode_1,2.8571160335532,2.857116,-3.355320021825037e-08,-5.121759601693262e-06,-5.318667506668541,touchstone_ri,2.8571160335532,1.0,,,,19,2.0,57.59,19.3224
260527_iris_line_sweep,sim,06_3-5_TDS-Half-Plunger-Iris2Dsweep-260527_2.s1p,,S11,f_2pi3,sim,dispersion_mode_1,2.8571160335532,2.857116,-3.355320021825037e-08,4.083421512300845e-09,6.987732307480868,touchstone_ri,2.8571160335532,1.0,,,,2,2.0,56.59,19.3224
260527_iris_line_sweep,sim,06_3-5_TDS-Half-Plunger-Iris2Dsweep-260527_20.s1p,,S11,f_2pi3,sim,dispersion_mode_1,2.8571160335532,2.857116,-3.355320021825037e-08,-4.705459256740738e-06,-5.967900346275729,touchstone_ri,2.8571160335532,1.0,,,,20,2.0,57.59,19.8224
260527_iris_line_sweep,sim,06_3-5_TDS-Half-Plunger-Iris2Dsweep-260527_21.s1p,,S11,f_2pi3,sim,dispersion_mode_1,2.8571160335532,2.857116,-3.355320021825037e-08,-4.000004610824135e-06,-6.526994490246511,touchstone_ri,2.8571160335532,1.0,,,,21,2.0,57.59,20.3224
260527_iris_line_sweep,sim,06_3-5_TDS-Half-Plunger-Iris2Dsweep-260527_22.s1p,,S11,f_2pi3,sim,dispersion_mode_1,2.8571160335532,2.857116,-3.355320021825037e-08,-1.6190442030274498e-06,-12.765680635406158,touchstone_ri,2.8571160335532,1.0,,,,22,2.0,58.59,18.3224
260527_iris_line_sweep,sim,06_3-5_TDS-Half-Plunger-Iris2Dsweep-260527_23.s1p,,S11,f_2pi3,sim,dispersion_mode_1,2.8571160335532,2.857116,-3.355320021825037e-08,-1.80068398255614e-06,-12.874970567906061,touchstone_ri,2.8571160335532,1.0,,,,23,2.0,58.59,18.8224
260527_iris_line_sweep,sim,06_3-5_TDS-Half-Plunger-Iris2Dsweep-260527_24.s1p,,S11,f_2pi3,sim,dispersion_mode_1,2.8571160335532,2.857116,-3.355320021825037e-08,-1.726728845521098e-06,-12.980484516289001,touchstone_ri,2.8571160335532,1.0,,,,24,2.0,58.59,19.3224
260527_iris_line_sweep,sim,06_3-5_TDS-Half-Plunger-Iris2Dsweep-260527_25.s1p,,S11,f_2pi3,sim,dispersion_mode_1,2.8571160335532,2.857116,-3.355320021825037e-08,-1.6327493876259143e-06,-13.083010151217918,touchstone_ri,2.8571160335532,1.0,,,,25,2.0,58.59,19.8224
260527_iris_line_sweep,sim,06_3-5_TDS-Half-Plunger-Iris2Dsweep-260527_26.s1p,,S11,f_2pi3,sim,dispersion_mode_1,2.8571160335532,2.857116,-3.355320021825037e-08,-1.4711793312963161e-06,-13.183442952864487,touchstone_ri,2.8571160335532,1.0,,,,26,2.0,58.59,20.3224
260527_iris_line_sweep,sim,06_3-5_TDS-Half-Plunger-Iris2Dsweep-260527_3.s1p,,S11,f_2pi3,sim,dispersion_mode_1,2.8571160335532,2.857116,-3.355320021825037e-08,1.5509895812770354e-09,66.917074419505,touchstone_ri,2.8571160335532,1.0,,,,3,2.0,54.59,18.3224
260527_iris_line_sweep,sim,06_3-5_TDS-Half-Plunger-Iris2Dsweep-260527_4.s1p,,S11,f_2pi3,sim,dispersion_mode_1,2.8571160335532,2.857116,-3.355320021825037e-08,-1.3624226749949395e-06,49.647482834351656,touchstone_ri,2.8571160335532,1.0,,,,4,2.0,54.59,18.8224
260527_iris_line_sweep,sim,06_3-5_TDS-Half-Plunger-Iris2Dsweep-260527_5.s1p,,S11,f_2pi3,sim,dispersion_mode_1,2.8571160335532,2.857116,-3.355320021825037e-08,-5.136383227110938e-07,38.19808873968318,touchstone_ri,2.8571160335532,1.0,,,,5,2.0,54.59,19.3224
260527_iris_line_sweep,sim,06_3-5_TDS-Half-Plunger-Iris2Dsweep-260527_6.s1p,,S11,f_2pi3,sim,dispersion_mode_1,2.8571160335532,2.857116,-3.355320021825037e-08,-9.608612426928958e-07,30.19729301020609,touchstone_ri,2.8571160335532,1.0,,,,6,2.0,54.59,19.8224
260527_iris_line_sweep,sim,06_3-5_TDS-Half-Plunger-Iris2Dsweep-260527_7.s1p,,S11,f_2pi3,sim,dispersion_mode_1,2.8571160335532,2.857116,-3.355320021825037e-08,-3.533493046787967e-07,24.34481012308878,touchstone_ri,2.8571160335532,1.0,,,,7,2.0,54.59,20.3224
260527_iris_line_sweep,sim,06_3-5_TDS-Half-Plunger-Iris2Dsweep-260527_8.s1p,,S11,f_2pi3,sim,dispersion_mode_1,2.8571160335532,2.857116,-3.355320021825037e-08,-6.603166083489117e-06,40.88353798154611,touchstone_ri,2.8571160335532,1.0,,,,8,2.0,55.59,18.3224
260527_iris_line_sweep,sim,06_3-5_TDS-Half-Plunger-Iris2Dsweep-260527_9.s1p,,S11,f_2pi3,sim,dispersion_mode_1,2.8571160335532,2.857116,-3.355320021825037e-08,-5.124254200672619e-06,30.121662077201602,touchstone_ri,2.8571160335532,1.0,,,,9,2.0,55.59,18.8224
260527_iris_line_sweep,sim,06_3-5_TDS-Half-Plunger-Iris2Dsweep-260527_1.s1p,,S11,f_mean,sim,dispersion_mode_1,2.8672804543714,2.86728,-4.543714000604382e-07,-0.00012909047702769965,162.59590391156226,touchstone_ri,2.8672804543714,1.0,,,,1,1.0,56.59,19.3224
260527_iris_line_sweep,sim,06_3-5_TDS-Half-Plunger-Iris2Dsweep-260527_10.s1p,,S11,f_mean,sim,dispersion_mode_1,2.8672804543714,2.86728,-4.543714000604382e-07,-3.0042831477140703e-09,13.892884598737316,touchstone_ri,2.8672804543714,1.0,,,,10,2.0,55.59,19.3224
260527_iris_line_sweep,sim,06_3-5_TDS-Half-Plunger-Iris2Dsweep-260527_11.s1p,,S11,f_mean,sim,dispersion_mode_1,2.8672804543714,2.86728,-4.543714000604382e-07,2.6487587537316395e-09,10.629677903419832,touchstone_ri,2.8672804543714,1.0,,,,11,2.0,55.59,19.8224
260527_iris_line_sweep,sim,06_3-5_TDS-Half-Plunger-Iris2Dsweep-260527_12.s1p,,S11,f_mean,sim,dispersion_mode_1,2.8672804543714,2.86728,-4.543714000604382e-07,-4.669891617796416e-06,8.050047422278997,touchstone_ri,2.8672804543714,1.0,,,,12,2.0,55.59,20.3224
260527_iris_line_sweep,sim,06_3-5_TDS-Half-Plunger-Iris2Dsweep-260527_13.s1p,,S11,f_mean,sim,dispersion_mode_1,2.8672804543714,2.86728,-4.543714000604382e-07,-6.336384642904906e-07,4.404869225795573,touchstone_ri,2.8672804543714,1.0,,,,13,2.0,56.59,18.3224
260527_iris_line_sweep,sim,06_3-5_TDS-Half-Plunger-Iris2Dsweep-260527_14.s1p,,S11,f_mean,sim,dispersion_mode_1,2.8672804543714,2.86728,-4.543714000604382e-07,-2.098629815322279e-07,2.2124859985476224,touchstone_ri,2.8672804543714,1.0,,,,14,2.0,56.59,18.8224
260527_iris_line_sweep,sim,06_3-5_TDS-Half-Plunger-Iris2Dsweep-260527_15.s1p,,S11,f_mean,sim,dispersion_mode_1,2.8672804543714,2.86728,-4.543714000604382e-07,-1.9586637555461091e-07,-0.9431432222488281,touchstone_ri,2.8672804543714,1.0,,,,15,2.0,56.59,19.8224
260527_iris_line_sweep,sim,06_3-5_TDS-Half-Plunger-Iris2Dsweep-260527_16.s1p,,S11,f_mean,sim,dispersion_mode_1,2.8672804543714,2.86728,-4.543714000604382e-07,1.2251587596202147e-09,-2.1191231248389446,touchstone_ri,2.8672804543714,1.0,,,,16,2.0,56.59,20.3224
260527_iris_line_sweep,sim,06_3-5_TDS-Half-Plunger-Iris2Dsweep-260527_17.s1p,,S11,f_mean,sim,dispersion_mode_1,2.8672804543714,2.86728,-4.543714000604382e-07,-2.4162073286023834e-09,-9.516352738346642,touchstone_ri,2.8672804543714,1.0,,,,17,2.0,57.59,18.3224
260527_iris_line_sweep,sim,06_3-5_TDS-Half-Plunger-Iris2Dsweep-260527_18.s1p,,S11,f_mean,sim,dispersion_mode_1,2.8672804543714,2.86728,-4.543714000604382e-07,1.4103424203042144e-09,-9.963271526678271,touchstone_ri,2.8672804543714,1.0,,,,18,2.0,57.59,18.8224
260527_iris_line_sweep,sim,06_3-5_TDS-Half-Plunger-Iris2Dsweep-260527_19.s1p,,S11,f_mean,sim,dispersion_mode_1,2.8672804543714,2.86728,-4.543714000604382e-07,-6.425799211833247e-05,-10.35835167817627,touchstone_ri,2.8672804543714,1.0,,,,19,2.0,57.59,19.3224
260527_iris_line_sweep,sim,06_3-5_TDS-Half-Plunger-Iris2Dsweep-260527_2.s1p,,S11,f_mean,sim,dispersion_mode_1,2.8672804543714,2.86728,-4.543714000604382e-07,-2.337796225750251e-08,0.4726780383233829,touchstone_ri,2.8672804543714,1.0,,,,2,2.0,56.59,19.3224
260527_iris_line_sweep,sim,06_3-5_TDS-Half-Plunger-Iris2Dsweep-260527_20.s1p,,S11,f_mean,sim,dispersion_mode_1,2.8672804543714,2.86728,-4.543714000604382e-07,-9.990092507241795e-05,-10.712109134847264,touchstone_ri,2.8672804543714,1.0,,,,20,2.0,57.59,19.8224
260527_iris_line_sweep,sim,06_3-5_TDS-Half-Plunger-Iris2Dsweep-260527_21.s1p,,S11,f_mean,sim,dispersion_mode_1,2.8672804543714,2.86728,-4.543714000604382e-07,-9.910812054756793e-05,-11.032588701854525,touchstone_ri,2.8672804543714,1.0,,,,21,2.0,57.59,20.3224
260527_iris_line_sweep,sim,06_3-5_TDS-Half-Plunger-Iris2Dsweep-260527_22.s1p,,S11,f_mean,sim,dispersion_mode_1,2.8672804543714,2.86728,-4.543714000604382e-07,-9.318459582918657e-06,-17.15728423109488,touchstone_ri,2.8672804543714,1.0,,,,22,2.0,58.59,18.3224
260527_iris_line_sweep,sim,06_3-5_TDS-Half-Plunger-Iris2Dsweep-260527_23.s1p,,S11,f_mean,sim,dispersion_mode_1,2.8672804543714,2.86728,-4.543714000604382e-07,-7.438526115535925e-07,-17.222935085852757,touchstone_ri,2.8672804543714,1.0,,,,23,2.0,58.59,18.8224
260527_iris_line_sweep,sim,06_3-5_TDS-Half-Plunger-Iris2Dsweep-260527_24.s1p,,S11,f_mean,sim,dispersion_mode_1,2.8672804543714,2.86728,-4.543714000604382e-07,2.40599702871722e-09,-17.2905249188583,touchstone_ri,2.8672804543714,1.0,,,,24,2.0,58.59,19.3224
260527_iris_line_sweep,sim,06_3-5_TDS-Half-Plunger-Iris2Dsweep-260527_25.s1p,,S11,f_mean,sim,dispersion_mode_1,2.8672804543714,2.86728,-4.543714000604382e-07,2.3117050893401086e-10,-17.36054915610206,touchstone_ri,2.8672804543714,1.0,,,,25,2.0,58.59,19.8224
260527_iris_line_sweep,sim,06_3-5_TDS-Half-Plunger-Iris2Dsweep-260527_26.s1p,,S11,f_mean,sim,dispersion_mode_1,2.8672804543714,2.86728,-4.543714000604382e-07,2.694057072131582e-09,-17.432910958098713,touchstone_ri,2.8672804543714,1.0,,,,26,2.0,58.59,20.3224
260527_iris_line_sweep,sim,06_3-5_TDS-Half-Plunger-Iris2Dsweep-260527_3.s1p,,S11,f_mean,sim,dispersion_mode_1,2.8672804543714,2.86728,-4.543714000604382e-07,-0.0001230509440168728,42.57859200896298,touchstone_ri,2.8672804543714,1.0,,,,3,2.0,54.59,18.3224
260527_iris_line_sweep,sim,06_3-5_TDS-Half-Plunger-Iris2Dsweep-260527_4.s1p,,S11,f_mean,sim,dispersion_mode_1,2.8672804543714,2.86728,-4.543714000604382e-07,-0.00011635141262416795,33.24402929286847,touchstone_ri,2.8672804543714,1.0,,,,4,2.0,54.59,18.8224
260527_iris_line_sweep,sim,06_3-5_TDS-Half-Plunger-Iris2Dsweep-260527_5.s1p,,S11,f_mean,sim,dispersion_mode_1,2.8672804543714,2.86728,-4.543714000604382e-07,-0.00010797475834945602,26.48301518854559,touchstone_ri,2.8672804543714,1.0,,,,5,2.0,54.59,19.3224
260527_iris_line_sweep,sim,06_3-5_TDS-Half-Plunger-Iris2Dsweep-260527_6.s1p,,S11,f_mean,sim,dispersion_mode_1,2.8672804543714,2.86728,-4.543714000604382e-07,-7.766941799632525e-05,21.3910438428203,touchstone_ri,2.8672804543714,1.0,,,,6,2.0,54.59,19.8224
260527_iris_line_sweep,sim,06_3-5_TDS-Half-Plunger-Iris2Dsweep-260527_7.s1p,,S11,f_mean,sim,dispersion_mode_1,2.8672804543714,2.86728,-4.543714000604382e-07,-7.826547753281083e-05,17.432875379892273,touchstone_ri,2.8672804543714,1.0,,,,7,2.0,54.59,20.3224
260527_iris_line_sweep,sim,06_3-5_TDS-Half-Plunger-Iris2Dsweep-260527_8.s1p,,S11,f_mean,sim,dispersion_mode_1,2.8672804543714,2.86728,-4.543714000604382e-07,-9.954906730194697e-10,23.9147639614548,touchstone_ri,2.8672804543714,1.0,,,,8,2.0,55.59,18.3224
260527_iris_line_sweep,sim,06_3-5_TDS-Half-Plunger-Iris2Dsweep-260527_9.s1p,,S11,f_mean,sim,dispersion_mode_1,2.8672804543714,2.86728,-4.543714000604382e-07,-2.469251125242531e-09,18.148666104514678,touchstone_ri,2.8672804543714,1.0,,,,9,2.0,55.59,18.8224
260527_iris_line_sweep,sim,06_3-5_TDS-Half-Plunger-Iris2Dsweep-260527_1.s1p,,S11,f_pi2,sim,dispersion_mode_1,2.8774448751896,2.877444,-8.75189599902626e-07,-1.0598826752787176e-09,105.87902557497688,touchstone_ri,2.8774448751896,1.0,,,,1,1.0,56.59,19.3224
260527_iris_line_sweep,sim,06_3-5_TDS-Half-Plunger-Iris2Dsweep-260527_10.s1p,,S11,f_pi2,sim,dispersion_mode_1,2.8774448751896,2.877444,-8.75189599902626e-07,-3.5742419109637656e-07,6.669313395119849,touchstone_ri,2.8774448751896,1.0,,,,10,2.0,55.59,19.3224
260527_iris_line_sweep,sim,06_3-5_TDS-Half-Plunger-Iris2Dsweep-260527_11.s1p,,S11,f_pi2,sim,dispersion_mode_1,2.8774448751896,2.877444,-8.75189599902626e-07,-2.5147059666620978e-06,4.481198960882895,touchstone_ri,2.8774448751896,1.0,,,,11,2.0,55.59,19.8224
260527_iris_line_sweep,sim,06_3-5_TDS-Half-Plunger-Iris2Dsweep-260527_12.s1p,,S11,f_pi2,sim,dispersion_mode_1,2.8774448751896,2.877444,-8.75189599902626e-07,-3.072846363684351e-07,2.6742100069978494,touchstone_ri,2.8774448751896,1.0,,,,12,2.0,55.59,20.3224
260527_iris_line_sweep,sim,06_3-5_TDS-Half-Plunger-Iris2Dsweep-260527_13.s1p,,S11,f_pi2,sim,dispersion_mode_1,2.8774448751896,2.877444,-8.75189599902626e-07,-1.097755206302923e-06,-3.5406625987338476,touchstone_ri,2.8774448751896,1.0,,,,13,2.0,56.59,18.3224
260527_iris_line_sweep,sim,06_3-5_TDS-Half-Plunger-Iris2Dsweep-260527_14.s1p,,S11,f_pi2,sim,dispersion_mode_1,2.8774448751896,2.877444,-8.75189599902626e-07,1.7608696683675464e-09,-4.7531331110593324,touchstone_ri,2.8774448751896,1.0,,,,14,2.0,56.59,18.8224
260527_iris_line_sweep,sim,06_3-5_TDS-Half-Plunger-Iris2Dsweep-260527_15.s1p,,S11,f_pi2,sim,dispersion_mode_1,2.8774448751896,2.877444,-8.75189599902626e-07,-3.8041657796147023e-10,-6.646133644921623,touchstone_ri,2.8774448751896,1.0,,,,15,2.0,56.59,19.8224
260527_iris_line_sweep,sim,06_3-5_TDS-Half-Plunger-Iris2Dsweep-260527_16.s1p,,S11,f_pi2,sim,dispersion_mode_1,2.8774448751896,2.877444,-8.75189599902626e-07,3.3432789668333556e-09,-7.40244532406747,touchstone_ri,2.8774448751896,1.0,,,,16,2.0,56.59,20.3224
260527_iris_line_sweep,sim,06_3-5_TDS-Half-Plunger-Iris2Dsweep-260527_17.s1p,,S11,f_pi2,sim,dispersion_mode_1,2.8774448751896,2.877444,-8.75189599902626e-07,-4.557816638030972e-06,-15.632057431485467,touchstone_ri,2.8774448751896,1.0,,,,17,2.0,57.59,18.3224
260527_iris_line_sweep,sim,06_3-5_TDS-Half-Plunger-Iris2Dsweep-260527_18.s1p,,S11,f_pi2,sim,dispersion_mode_1,2.8774448751896,2.877444,-8.75189599902626e-07,-5.549589739301817e-06,-15.82888177574563,touchstone_ri,2.8774448751896,1.0,,,,18,2.0,57.59,18.8224
260527_iris_line_sweep,sim,06_3-5_TDS-Half-Plunger-Iris2Dsweep-260527_19.s1p,,S11,f_pi2,sim,dispersion_mode_1,2.8774448751896,2.877444,-8.75189599902626e-07,4.55117240702989e-09,-16.01706289368295,touchstone_ri,2.8774448751896,1.0,,,,19,2.0,57.59,19.3224
260527_iris_line_sweep,sim,06_3-5_TDS-Half-Plunger-Iris2Dsweep-260527_2.s1p,,S11,f_pi2,sim,dispersion_mode_1,2.8774448751896,2.877444,-8.75189599902626e-07,2.397073142344203e-09,-5.773518491397531,touchstone_ri,2.8774448751896,1.0,,,,2,2.0,56.59,19.3224
260527_iris_line_sweep,sim,06_3-5_TDS-Half-Plunger-Iris2Dsweep-260527_20.s1p,,S11,f_pi2,sim,dispersion_mode_1,2.8774448751896,2.877444,-8.75189599902626e-07,-3.574653914572351e-09,-16.19740955269246,touchstone_ri,2.8774448751896,1.0,,,,20,2.0,57.59,19.8224
260527_iris_line_sweep,sim,06_3-5_TDS-Half-Plunger-Iris2Dsweep-260527_21.s1p,,S11,f_pi2,sim,dispersion_mode_1,2.8774448751896,2.877444,-8.75189599902626e-07,-7.70171219273312e-06,-16.372340331007113,touchstone_ri,2.8774448751896,1.0,,,,21,2.0,57.59,20.3224
260527_iris_line_sweep,sim,06_3-5_TDS-Half-Plunger-Iris2Dsweep-260527_22.s1p,,S11,f_pi2,sim,dispersion_mode_1,2.8774448751896,2.877444,-8.75189599902626e-07,-2.4280246906947964e-06,-22.328375989485924,touchstone_ri,2.8774448751896,1.0,,,,22,2.0,58.59,18.3224
260527_iris_line_sweep,sim,06_3-5_TDS-Half-Plunger-Iris2Dsweep-260527_23.s1p,,S11,f_pi2,sim,dispersion_mode_1,2.8774448751896,2.877444,-8.75189599902626e-07,-3.4351525613414766e-06,-22.44317779046683,touchstone_ri,2.8774448751896,1.0,,,,23,2.0,58.59,18.8224
260527_iris_line_sweep,sim,06_3-5_TDS-Half-Plunger-Iris2Dsweep-260527_24.s1p,,S11,f_pi2,sim,dispersion_mode_1,2.8774448751896,2.877444,-8.75189599902626e-07,-7.3892991772665575e-06,-22.558353911179648,touchstone_ri,2.8774448751896,1.0,,,,24,2.0,58.59,19.3224
260527_iris_line_sweep,sim,06_3-5_TDS-Half-Plunger-Iris2Dsweep-260527_25.s1p,,S11,f_pi2,sim,dispersion_mode_1,2.8774448751896,2.877444,-8.75189599902626e-07,-7.077102253925623e-06,-22.674714651906985,touchstone_ri,2.8774448751896,1.0,,,,25,2.0,58.59,19.8224
260527_iris_line_sweep,sim,06_3-5_TDS-Half-Plunger-Iris2Dsweep-260527_26.s1p,,S11,f_pi2,sim,dispersion_mode_1,2.8774448751896,2.877444,-8.75189599902626e-07,-6.800878191368881e-06,-22.791807154348824,touchstone_ri,2.8774448751896,1.0,,,,26,2.0,58.59,20.3224
260527_iris_line_sweep,sim,06_3-5_TDS-Half-Plunger-Iris2Dsweep-260527_3.s1p,,S11,f_pi2,sim,dispersion_mode_1,2.8774448751896,2.877444,-8.75189599902626e-07,-1.0522019272813661e-05,28.281391434218918,touchstone_ri,2.8774448751896,1.0,,,,3,2.0,54.59,18.3224
260527_iris_line_sweep,sim,06_3-5_TDS-Half-Plunger-Iris2Dsweep-260527_4.s1p,,S11,f_pi2,sim,dispersion_mode_1,2.8774448751896,2.877444,-8.75189599902626e-07,-3.81161038765682e-10,22.578957269717893,touchstone_ri,2.8774448751896,1.0,,,,4,2.0,54.59,18.8224
260527_iris_line_sweep,sim,06_3-5_TDS-Half-Plunger-Iris2Dsweep-260527_5.s1p,,S11,f_pi2,sim,dispersion_mode_1,2.8774448751896,2.877444,-8.75189599902626e-07,1.7843317556239997e-09,18.166656933161423,touchstone_ri,2.8774448751896,1.0,,,,5,2.0,54.59,19.3224
260527_iris_line_sweep,sim,06_3-5_TDS-Half-Plunger-Iris2Dsweep-260527_6.s1p,,S11,f_pi2,sim,dispersion_mode_1,2.8774448751896,2.877444,-8.75189599902626e-07,-1.2956848490696343e-09,14.657785129876913,touchstone_ri,2.8774448751896,1.0,,,,6,2.0,54.59,19.8224
260527_iris_line_sweep,sim,06_3-5_TDS-Half-Plunger-Iris2Dsweep-260527_7.s1p,,S11,f_pi2,sim,dispersion_mode_1,2.8774448751896,2.877444,-8.75189599902626e-07,1.3502667478024246e-09,11.806088707991295,touchstone_ri,2.8774448751896,1.0,,,,7,2.0,54.59,20.3224
260527_iris_line_sweep,sim,06_3-5_TDS-Half-Plunger-Iris2Dsweep-260527_8.s1p,,S11,f_pi2,sim,dispersion_mode_1,2.8774448751896,2.877444,-8.75189599902626e-07,-3.7900593490153696e-06,12.807167564254701,touchstone_ri,2.8774448751896,1.0,,,,8,2.0,55.59,18.3224
260527_iris_line_sweep,sim,06_3-5_TDS-Half-Plunger-Iris2Dsweep-260527_9.s1p,,S11,f_pi2,sim,dispersion_mode_1,2.8774448751896,2.877444,-8.75189599902626e-07,-2.9412690836862647e-07,9.375707898412443,touchstone_ri,2.8774448751896,1.0,,,,9,2.0,55.59,18.8224
