dataset_id,data_layer,marker_name,marker_role,s_name,position_family,from_source_file,to_source_file,from_tune_position,to_tune_position,target_freq_ghz,from_freq_ghz,to_freq_ghz,from_s_db,to_s_db,from_phase_deg,to_phase_deg,signed_phase_step_deg,phase_advance_0to360_deg,phase_error_from_240_deg
260527_iris_line_sweep,sim,f_2pi3,sim,S11,offset_nan,06_3-5_TDS-Half-Plunger-Iris2Dsweep-260527_1.s1p,06_3-5_TDS-Half-Plunger-Iris2Dsweep-260527_10.s1p,,,2.8571160335532,2.857116,2.857116,-2.7132918376346064e-05,-3.935912456205689e-06,-131.498315059198,22.90211021647629,154.4004252756743,154.4004252756743,-85.59957472432569
260527_iris_line_sweep,sim,f_2pi3,sim,S11,offset_nan,06_3-5_TDS-Half-Plunger-Iris2Dsweep-260527_10.s1p,06_3-5_TDS-Half-Plunger-Iris2Dsweep-260527_11.s1p,,,2.8571160335532,2.857116,2.857116,-3.935912456205689e-06,-2.045410600251727e-06,22.90211021647629,17.759197548931898,-5.142912667544408,354.8570873324556,114.85708733245559
260527_iris_line_sweep,sim,f_2pi3,sim,S11,offset_nan,06_3-5_TDS-Half-Plunger-Iris2Dsweep-260527_11.s1p,06_3-5_TDS-Half-Plunger-Iris2Dsweep-260527_12.s1p,,,2.8571160335532,2.857116,2.857116,-2.045410600251727e-06,3.8867990000533843e-10,17.759197548931898,13.922414617547679,-3.8367829313842208,356.1632170686158,116.16321706861578
260527_iris_line_sweep,sim,f_2pi3,sim,S11,offset_nan,06_3-5_TDS-Half-Plunger-Iris2Dsweep-260527_12.s1p,06_3-5_TDS-Half-Plunger-Iris2Dsweep-260527_13.s1p,,,2.8571160335532,2.857116,2.857116,3.8867990000533843e-10,-6.44336651310172e-07,13.922414617547679,14.046933005951514,0.12451838840382834,0.12451838840382834,-239.87548161159617
260527_iris_line_sweep,sim,f_2pi3,sim,S11,offset_nan,06_3-5_TDS-Half-Plunger-Iris2Dsweep-260527_13.s1p,06_3-5_TDS-Half-Plunger-Iris2Dsweep-260527_14.s1p,,,2.8571160335532,2.857116,2.857116,-6.44336651310172e-07,-1.1151077806402055e-09,14.046933005951514,9.979321416465469,-4.0676115894860345,355.93238841051397,115.93238841051397
260527_iris_line_sweep,sim,f_2pi3,sim,S11,offset_nan,06_3-5_TDS-Half-Plunger-Iris2Dsweep-260527_14.s1p,06_3-5_TDS-Half-Plunger-Iris2Dsweep-260527_15.s1p,,,2.8571160335532,2.857116,2.857116,-1.1151077806402055e-09,-3.583334893514905e-08,9.979321416465469,4.696010263050682,-5.283311153414786,354.7166888465852,114.71668884658521
260527_iris_line_sweep,sim,f_2pi3,sim,S11,offset_nan,06_3-5_TDS-Half-Plunger-Iris2Dsweep-260527_15.s1p,06_3-5_TDS-Half-Plunger-Iris2Dsweep-260527_16.s1p,,,2.8571160335532,2.857116,2.857116,-3.583334893514905e-08,-1.0424958510546575e-09,4.696010263050682,2.8838887830097413,-1.812121480040929,358.1878785199591,118.1878785199591
260527_iris_line_sweep,sim,f_2pi3,sim,S11,offset_nan,06_3-5_TDS-Half-Plunger-Iris2Dsweep-260527_16.s1p,06_3-5_TDS-Half-Plunger-Iris2Dsweep-260527_17.s1p,,,2.8571160335532,2.857116,2.857116,-1.0424958510546575e-09,-4.272035573594819e-06,2.8838887830097413,-3.6296323267947166,-6.513521109804458,353.48647889019554,113.48647889019554
260527_iris_line_sweep,sim,f_2pi3,sim,S11,offset_nan,06_3-5_TDS-Half-Plunger-Iris2Dsweep-260527_17.s1p,06_3-5_TDS-Half-Plunger-Iris2Dsweep-260527_18.s1p,,,2.8571160335532,2.857116,2.857116,-4.272035573594819e-06,-4.955621966847412e-06,-3.6296323267947166,-4.552105557716394,-0.9224732309216677,359.0775267690783,119.0775267690783
260527_iris_line_sweep,sim,f_2pi3,sim,S11,offset_nan,06_3-5_TDS-Half-Plunger-Iris2Dsweep-260527_18.s1p,06_3-5_TDS-Half-Plunger-Iris2Dsweep-260527_19.s1p,,,2.8571160335532,2.857116,2.857116,-4.955621966847412e-06,-5.121759601693262e-06,-4.552105557716394,-5.318667506668541,-0.7665619489521589,359.23343805104787,119.23343805104787
260527_iris_line_sweep,sim,f_2pi3,sim,S11,offset_nan,06_3-5_TDS-Half-Plunger-Iris2Dsweep-260527_19.s1p,06_3-5_TDS-Half-Plunger-Iris2Dsweep-260527_2.s1p,,,2.8571160335532,2.857116,2.857116,-5.121759601693262e-06,4.083421512300845e-09,-5.318667506668541,6.987732307480868,12.306399814149415,12.306399814149415,-227.69360018585058
260527_iris_line_sweep,sim,f_2pi3,sim,S11,offset_nan,06_3-5_TDS-Half-Plunger-Iris2Dsweep-260527_2.s1p,06_3-5_TDS-Half-Plunger-Iris2Dsweep-260527_20.s1p,,,2.8571160335532,2.857116,2.857116,4.083421512300845e-09,-4.705459256740738e-06,6.987732307480868,-5.967900346275729,-12.955632653756595,347.0443673462434,107.0443673462434
260527_iris_line_sweep,sim,f_2pi3,sim,S11,offset_nan,06_3-5_TDS-Half-Plunger-Iris2Dsweep-260527_20.s1p,06_3-5_TDS-Half-Plunger-Iris2Dsweep-260527_21.s1p,,,2.8571160335532,2.857116,2.857116,-4.705459256740738e-06,-4.000004610824135e-06,-5.967900346275729,-6.526994490246511,-0.5590941439707819,359.4409058560292,119.44090585602919
260527_iris_line_sweep,sim,f_2pi3,sim,S11,offset_nan,06_3-5_TDS-Half-Plunger-Iris2Dsweep-260527_21.s1p,06_3-5_TDS-Half-Plunger-Iris2Dsweep-260527_22.s1p,,,2.8571160335532,2.857116,2.857116,-4.000004610824135e-06,-1.6190442030274498e-06,-6.526994490246511,-12.765680635406158,-6.238686145159647,353.76131385484035,113.76131385484035
260527_iris_line_sweep,sim,f_2pi3,sim,S11,offset_nan,06_3-5_TDS-Half-Plunger-Iris2Dsweep-260527_22.s1p,06_3-5_TDS-Half-Plunger-Iris2Dsweep-260527_23.s1p,,,2.8571160335532,2.857116,2.857116,-1.6190442030274498e-06,-1.80068398255614e-06,-12.765680635406158,-12.874970567906061,-0.10928993249990526,359.8907100675001,119.8907100675001
260527_iris_line_sweep,sim,f_2pi3,sim,S11,offset_nan,06_3-5_TDS-Half-Plunger-Iris2Dsweep-260527_23.s1p,06_3-5_TDS-Half-Plunger-Iris2Dsweep-260527_24.s1p,,,2.8571160335532,2.857116,2.857116,-1.80068398255614e-06,-1.726728845521098e-06,-12.874970567906061,-12.980484516289001,-0.10551394838293504,359.89448605161704,119.89448605161704
260527_iris_line_sweep,sim,f_2pi3,sim,S11,offset_nan,06_3-5_TDS-Half-Plunger-Iris2Dsweep-260527_24.s1p,06_3-5_TDS-Half-Plunger-Iris2Dsweep-260527_25.s1p,,,2.8571160335532,2.857116,2.857116,-1.726728845521098e-06,-1.6327493876259143e-06,-12.980484516289001,-13.083010151217918,-0.10252563492892364,359.89747436507105,119.89747436507105
260527_iris_line_sweep,sim,f_2pi3,sim,S11,offset_nan,06_3-5_TDS-Half-Plunger-Iris2Dsweep-260527_25.s1p,06_3-5_TDS-Half-Plunger-Iris2Dsweep-260527_26.s1p,,,2.8571160335532,2.857116,2.857116,-1.6327493876259143e-06,-1.4711793312963161e-06,-13.083010151217918,-13.183442952864487,-0.10043280164657631,359.89956719835345,119.89956719835345
260527_iris_line_sweep,sim,f_2pi3,sim,S11,offset_nan,06_3-5_TDS-Half-Plunger-Iris2Dsweep-260527_26.s1p,06_3-5_TDS-Half-Plunger-Iris2Dsweep-260527_3.s1p,,,2.8571160335532,2.857116,2.857116,-1.4711793312963161e-06,1.5509895812770354e-09,-13.183442952864487,66.917074419505,80.1005173723695,80.1005173723695,-159.8994826276305
260527_iris_line_sweep,sim,f_2pi3,sim,S11,offset_nan,06_3-5_TDS-Half-Plunger-Iris2Dsweep-260527_3.s1p,06_3-5_TDS-Half-Plunger-Iris2Dsweep-260527_4.s1p,,,2.8571160335532,2.857116,2.857116,1.5509895812770354e-09,-1.3624226749949395e-06,66.917074419505,49.647482834351656,-17.269591585153336,342.7304084148467,102.73040841484669
260527_iris_line_sweep,sim,f_2pi3,sim,S11,offset_nan,06_3-5_TDS-Half-Plunger-Iris2Dsweep-260527_4.s1p,06_3-5_TDS-Half-Plunger-Iris2Dsweep-260527_5.s1p,,,2.8571160335532,2.857116,2.857116,-1.3624226749949395e-06,-5.136383227110938e-07,49.647482834351656,38.19808873968318,-11.449394094668492,348.5506059053315,108.55060590533151
260527_iris_line_sweep,sim,f_2pi3,sim,S11,offset_nan,06_3-5_TDS-Half-Plunger-Iris2Dsweep-260527_5.s1p,06_3-5_TDS-Half-Plunger-Iris2Dsweep-260527_6.s1p,,,2.8571160335532,2.857116,2.857116,-5.136383227110938e-07,-9.608612426928958e-07,38.19808873968318,30.19729301020609,-8.00079572947709,351.9992042705229,111.99920427052291
260527_iris_line_sweep,sim,f_2pi3,sim,S11,offset_nan,06_3-5_TDS-Half-Plunger-Iris2Dsweep-260527_6.s1p,06_3-5_TDS-Half-Plunger-Iris2Dsweep-260527_7.s1p,,,2.8571160335532,2.857116,2.857116,-9.608612426928958e-07,-3.533493046787967e-07,30.19729301020609,24.34481012308878,-5.852482887117304,354.1475171128827,114.14751711288272
260527_iris_line_sweep,sim,f_2pi3,sim,S11,offset_nan,06_3-5_TDS-Half-Plunger-Iris2Dsweep-260527_7.s1p,06_3-5_TDS-Half-Plunger-Iris2Dsweep-260527_8.s1p,,,2.8571160335532,2.857116,2.857116,-3.533493046787967e-07,-6.603166083489117e-06,24.34481012308878,40.88353798154611,16.53872785845732,16.53872785845732,-223.46127214154268
260527_iris_line_sweep,sim,f_2pi3,sim,S11,offset_nan,06_3-5_TDS-Half-Plunger-Iris2Dsweep-260527_8.s1p,06_3-5_TDS-Half-Plunger-Iris2Dsweep-260527_9.s1p,,,2.8571160335532,2.857116,2.857116,-6.603166083489117e-06,-5.124254200672619e-06,40.88353798154611,30.121662077201602,-10.761875904344521,349.2381240956555,109.23812409565551
260527_iris_line_sweep,sim,f_mean,sim,S11,offset_nan,06_3-5_TDS-Half-Plunger-Iris2Dsweep-260527_1.s1p,06_3-5_TDS-Half-Plunger-Iris2Dsweep-260527_10.s1p,,,2.8672804543714,2.86728,2.86728,-0.00012909047702769965,-3.0042831477140703e-09,162.59590391156226,13.892884598737316,-148.70301931282495,211.29698068717505,-28.70301931282495
260527_iris_line_sweep,sim,f_mean,sim,S11,offset_nan,06_3-5_TDS-Half-Plunger-Iris2Dsweep-260527_10.s1p,06_3-5_TDS-Half-Plunger-Iris2Dsweep-260527_11.s1p,,,2.8672804543714,2.86728,2.86728,-3.0042831477140703e-09,2.6487587537316395e-09,13.892884598737316,10.629677903419832,-3.2632066953174785,356.7367933046825,116.73679330468252
260527_iris_line_sweep,sim,f_mean,sim,S11,offset_nan,06_3-5_TDS-Half-Plunger-Iris2Dsweep-260527_11.s1p,06_3-5_TDS-Half-Plunger-Iris2Dsweep-260527_12.s1p,,,2.8672804543714,2.86728,2.86728,2.6487587537316395e-09,-4.669891617796416e-06,10.629677903419832,8.050047422278997,-2.579630481140839,357.42036951885916,117.42036951885916
260527_iris_line_sweep,sim,f_mean,sim,S11,offset_nan,06_3-5_TDS-Half-Plunger-Iris2Dsweep-260527_12.s1p,06_3-5_TDS-Half-Plunger-Iris2Dsweep-260527_13.s1p,,,2.8672804543714,2.86728,2.86728,-4.669891617796416e-06,-6.336384642904906e-07,8.050047422278997,4.404869225795573,-3.645178196483414,356.3548218035166,116.35482180351659
260527_iris_line_sweep,sim,f_mean,sim,S11,offset_nan,06_3-5_TDS-Half-Plunger-Iris2Dsweep-260527_13.s1p,06_3-5_TDS-Half-Plunger-Iris2Dsweep-260527_14.s1p,,,2.8672804543714,2.86728,2.86728,-6.336384642904906e-07,-2.098629815322279e-07,4.404869225795573,2.2124859985476224,-2.1923832272479444,357.80761677275206,117.80761677275206
260527_iris_line_sweep,sim,f_mean,sim,S11,offset_nan,06_3-5_TDS-Half-Plunger-Iris2Dsweep-260527_14.s1p,06_3-5_TDS-Half-Plunger-Iris2Dsweep-260527_15.s1p,,,2.8672804543714,2.86728,2.86728,-2.098629815322279e-07,-1.9586637555461091e-07,2.2124859985476224,-0.9431432222488281,-3.155629220796442,356.8443707792036,116.84437077920359
260527_iris_line_sweep,sim,f_mean,sim,S11,offset_nan,06_3-5_TDS-Half-Plunger-Iris2Dsweep-260527_15.s1p,06_3-5_TDS-Half-Plunger-Iris2Dsweep-260527_16.s1p,,,2.8672804543714,2.86728,2.86728,-1.9586637555461091e-07,1.2251587596202147e-09,-0.9431432222488281,-2.1191231248389446,-1.1759799025901145,358.82402009740986,118.82402009740986
260527_iris_line_sweep,sim,f_mean,sim,S11,offset_nan,06_3-5_TDS-Half-Plunger-Iris2Dsweep-260527_16.s1p,06_3-5_TDS-Half-Plunger-Iris2Dsweep-260527_17.s1p,,,2.8672804543714,2.86728,2.86728,1.2251587596202147e-09,-2.4162073286023834e-09,-2.1191231248389446,-9.516352738346642,-7.3972296135077045,352.6027703864923,112.6027703864923
260527_iris_line_sweep,sim,f_mean,sim,S11,offset_nan,06_3-5_TDS-Half-Plunger-Iris2Dsweep-260527_17.s1p,06_3-5_TDS-Half-Plunger-Iris2Dsweep-260527_18.s1p,,,2.8672804543714,2.86728,2.86728,-2.4162073286023834e-09,1.4103424203042144e-09,-9.516352738346642,-9.963271526678271,-0.44691878833162946,359.55308121166837,119.55308121166837
260527_iris_line_sweep,sim,f_mean,sim,S11,offset_nan,06_3-5_TDS-Half-Plunger-Iris2Dsweep-260527_18.s1p,06_3-5_TDS-Half-Plunger-Iris2Dsweep-260527_19.s1p,,,2.8672804543714,2.86728,2.86728,1.4103424203042144e-09,-6.425799211833247e-05,-9.963271526678271,-10.35835167817627,-0.3950801514980071,359.604919848502,119.60491984850199
260527_iris_line_sweep,sim,f_mean,sim,S11,offset_nan,06_3-5_TDS-Half-Plunger-Iris2Dsweep-260527_19.s1p,06_3-5_TDS-Half-Plunger-Iris2Dsweep-260527_2.s1p,,,2.8672804543714,2.86728,2.86728,-6.425799211833247e-05,-2.337796225750251e-08,-10.35835167817627,0.4726780383233829,10.831029716499643,10.831029716499643,-229.16897028350036
260527_iris_line_sweep,sim,f_mean,sim,S11,offset_nan,06_3-5_TDS-Half-Plunger-Iris2Dsweep-260527_2.s1p,06_3-5_TDS-Half-Plunger-Iris2Dsweep-260527_20.s1p,,,2.8672804543714,2.86728,2.86728,-2.337796225750251e-08,-9.990092507241795e-05,0.4726780383233829,-10.712109134847264,-11.184787173170662,348.81521282682934,108.81521282682934
260527_iris_line_sweep,sim,f_mean,sim,S11,offset_nan,06_3-5_TDS-Half-Plunger-Iris2Dsweep-260527_20.s1p,06_3-5_TDS-Half-Plunger-Iris2Dsweep-260527_21.s1p,,,2.8672804543714,2.86728,2.86728,-9.990092507241795e-05,-9.910812054756793e-05,-10.712109134847264,-11.032588701854525,-0.3204795670072542,359.6795204329927,119.67952043299272
260527_iris_line_sweep,sim,f_mean,sim,S11,offset_nan,06_3-5_TDS-Half-Plunger-Iris2Dsweep-260527_21.s1p,06_3-5_TDS-Half-Plunger-Iris2Dsweep-260527_22.s1p,,,2.8672804543714,2.86728,2.86728,-9.910812054756793e-05,-9.318459582918657e-06,-11.032588701854525,-17.15728423109488,-6.124695529240341,353.87530447075966,113.87530447075966
260527_iris_line_sweep,sim,f_mean,sim,S11,offset_nan,06_3-5_TDS-Half-Plunger-Iris2Dsweep-260527_22.s1p,06_3-5_TDS-Half-Plunger-Iris2Dsweep-260527_23.s1p,,,2.8672804543714,2.86728,2.86728,-9.318459582918657e-06,-7.438526115535925e-07,-17.15728423109488,-17.222935085852757,-0.06565085475787669,359.9343491452421,119.9343491452421
260527_iris_line_sweep,sim,f_mean,sim,S11,offset_nan,06_3-5_TDS-Half-Plunger-Iris2Dsweep-260527_23.s1p,06_3-5_TDS-Half-Plunger-Iris2Dsweep-260527_24.s1p,,,2.8672804543714,2.86728,2.86728,-7.438526115535925e-07,2.40599702871722e-09,-17.222935085852757,-17.2905249188583,-0.06758983300554178,359.9324101669945,119.93241016699449
260527_iris_line_sweep,sim,f_mean,sim,S11,offset_nan,06_3-5_TDS-Half-Plunger-Iris2Dsweep-260527_24.s1p,06_3-5_TDS-Half-Plunger-Iris2Dsweep-260527_25.s1p,,,2.8672804543714,2.86728,2.86728,2.40599702871722e-09,2.3117050893401086e-10,-17.2905249188583,-17.36054915610206,-0.07002423724375717,359.92997576275627,119.92997576275627
260527_iris_line_sweep,sim,f_mean,sim,S11,offset_nan,06_3-5_TDS-Half-Plunger-Iris2Dsweep-260527_25.s1p,06_3-5_TDS-Half-Plunger-Iris2Dsweep-260527_26.s1p,,,2.8672804543714,2.86728,2.86728,2.3117050893401086e-10,2.694057072131582e-09,-17.36054915610206,-17.432910958098713,-0.07236180199666364,359.92763819800336,119.92763819800336
260527_iris_line_sweep,sim,f_mean,sim,S11,offset_nan,06_3-5_TDS-Half-Plunger-Iris2Dsweep-260527_26.s1p,06_3-5_TDS-Half-Plunger-Iris2Dsweep-260527_3.s1p,,,2.8672804543714,2.86728,2.86728,2.694057072131582e-09,-0.0001230509440168728,-17.432910958098713,42.57859200896298,60.01150296706169,60.01150296706169,-179.9884970329383
260527_iris_line_sweep,sim,f_mean,sim,S11,offset_nan,06_3-5_TDS-Half-Plunger-Iris2Dsweep-260527_3.s1p,06_3-5_TDS-Half-Plunger-Iris2Dsweep-260527_4.s1p,,,2.8672804543714,2.86728,2.86728,-0.0001230509440168728,-0.00011635141262416795,42.57859200896298,33.24402929286847,-9.334562716094524,350.6654372839055,110.66543728390548
260527_iris_line_sweep,sim,f_mean,sim,S11,offset_nan,06_3-5_TDS-Half-Plunger-Iris2Dsweep-260527_4.s1p,06_3-5_TDS-Half-Plunger-Iris2Dsweep-260527_5.s1p,,,2.8672804543714,2.86728,2.86728,-0.00011635141262416795,-0.00010797475834945602,33.24402929286847,26.48301518854559,-6.761014104322868,353.23898589567716,113.23898589567716
260527_iris_line_sweep,sim,f_mean,sim,S11,offset_nan,06_3-5_TDS-Half-Plunger-Iris2Dsweep-260527_5.s1p,06_3-5_TDS-Half-Plunger-Iris2Dsweep-260527_6.s1p,,,2.8672804543714,2.86728,2.86728,-0.00010797475834945602,-7.766941799632525e-05,26.48301518854559,21.3910438428203,-5.091971345725284,354.90802865427474,114.90802865427474
260527_iris_line_sweep,sim,f_mean,sim,S11,offset_nan,06_3-5_TDS-Half-Plunger-Iris2Dsweep-260527_6.s1p,06_3-5_TDS-Half-Plunger-Iris2Dsweep-260527_7.s1p,,,2.8672804543714,2.86728,2.86728,-7.766941799632525e-05,-7.826547753281083e-05,21.3910438428203,17.432875379892273,-3.958168462928029,356.04183153707197,116.04183153707197
260527_iris_line_sweep,sim,f_mean,sim,S11,offset_nan,06_3-5_TDS-Half-Plunger-Iris2Dsweep-260527_7.s1p,06_3-5_TDS-Half-Plunger-Iris2Dsweep-260527_8.s1p,,,2.8672804543714,2.86728,2.86728,-7.826547753281083e-05,-9.954906730194697e-10,17.432875379892273,23.9147639614548,6.481888581562515,6.481888581562515,-233.51811141843748
260527_iris_line_sweep,sim,f_mean,sim,S11,offset_nan,06_3-5_TDS-Half-Plunger-Iris2Dsweep-260527_8.s1p,06_3-5_TDS-Half-Plunger-Iris2Dsweep-260527_9.s1p,,,2.8672804543714,2.86728,2.86728,-9.954906730194697e-10,-2.469251125242531e-09,23.9147639614548,18.148666104514678,-5.766097856940121,354.2339021430599,114.23390214305988
260527_iris_line_sweep,sim,f_pi2,sim,S11,offset_nan,06_3-5_TDS-Half-Plunger-Iris2Dsweep-260527_1.s1p,06_3-5_TDS-Half-Plunger-Iris2Dsweep-260527_10.s1p,,,2.8774448751896,2.877444,2.877444,-1.0598826752787176e-09,-3.5742419109637656e-07,105.87902557497688,6.669313395119849,-99.20971217985704,260.79028782014296,20.790287820142964
260527_iris_line_sweep,sim,f_pi2,sim,S11,offset_nan,06_3-5_TDS-Half-Plunger-Iris2Dsweep-260527_10.s1p,06_3-5_TDS-Half-Plunger-Iris2Dsweep-260527_11.s1p,,,2.8774448751896,2.877444,2.877444,-3.5742419109637656e-07,-2.5147059666620978e-06,6.669313395119849,4.481198960882895,-2.188114434236951,357.8118855657631,117.81188556576308
260527_iris_line_sweep,sim,f_pi2,sim,S11,offset_nan,06_3-5_TDS-Half-Plunger-Iris2Dsweep-260527_11.s1p,06_3-5_TDS-Half-Plunger-Iris2Dsweep-260527_12.s1p,,,2.8774448751896,2.877444,2.877444,-2.5147059666620978e-06,-3.072846363684351e-07,4.481198960882895,2.6742100069978494,-1.8069889538850532,358.193011046115,118.19301104611498
260527_iris_line_sweep,sim,f_pi2,sim,S11,offset_nan,06_3-5_TDS-Half-Plunger-Iris2Dsweep-260527_12.s1p,06_3-5_TDS-Half-Plunger-Iris2Dsweep-260527_13.s1p,,,2.8774448751896,2.877444,2.877444,-3.072846363684351e-07,-1.097755206302923e-06,2.6742100069978494,-3.5406625987338476,-6.214872605731699,353.78512739426833,113.78512739426833
260527_iris_line_sweep,sim,f_pi2,sim,S11,offset_nan,06_3-5_TDS-Half-Plunger-Iris2Dsweep-260527_13.s1p,06_3-5_TDS-Half-Plunger-Iris2Dsweep-260527_14.s1p,,,2.8774448751896,2.877444,2.877444,-1.097755206302923e-06,1.7608696683675464e-09,-3.5406625987338476,-4.7531331110593324,-1.2124705123254955,358.78752948767453,118.78752948767453
260527_iris_line_sweep,sim,f_pi2,sim,S11,offset_nan,06_3-5_TDS-Half-Plunger-Iris2Dsweep-260527_14.s1p,06_3-5_TDS-Half-Plunger-Iris2Dsweep-260527_15.s1p,,,2.8774448751896,2.877444,2.877444,1.7608696683675464e-09,-3.8041657796147023e-10,-4.7531331110593324,-6.646133644921623,-1.8930005338622777,358.1069994661377,118.10699946613772
260527_iris_line_sweep,sim,f_pi2,sim,S11,offset_nan,06_3-5_TDS-Half-Plunger-Iris2Dsweep-260527_15.s1p,06_3-5_TDS-Half-Plunger-Iris2Dsweep-260527_16.s1p,,,2.8774448751896,2.877444,2.877444,-3.8041657796147023e-10,3.3432789668333556e-09,-6.646133644921623,-7.40244532406747,-0.7563116791458526,359.2436883208542,119.24368832085418
260527_iris_line_sweep,sim,f_pi2,sim,S11,offset_nan,06_3-5_TDS-Half-Plunger-Iris2Dsweep-260527_16.s1p,06_3-5_TDS-Half-Plunger-Iris2Dsweep-260527_17.s1p,,,2.8774448751896,2.877444,2.877444,3.3432789668333556e-09,-4.557816638030972e-06,-7.40244532406747,-15.632057431485467,-8.229612107418006,351.770387892582,111.770387892582
260527_iris_line_sweep,sim,f_pi2,sim,S11,offset_nan,06_3-5_TDS-Half-Plunger-Iris2Dsweep-260527_17.s1p,06_3-5_TDS-Half-Plunger-Iris2Dsweep-260527_18.s1p,,,2.8774448751896,2.877444,2.877444,-4.557816638030972e-06,-5.549589739301817e-06,-15.632057431485467,-15.82888177574563,-0.1968243442601647,359.80317565573984,119.80317565573984
260527_iris_line_sweep,sim,f_pi2,sim,S11,offset_nan,06_3-5_TDS-Half-Plunger-Iris2Dsweep-260527_18.s1p,06_3-5_TDS-Half-Plunger-Iris2Dsweep-260527_19.s1p,,,2.8774448751896,2.877444,2.877444,-5.549589739301817e-06,4.55117240702989e-09,-15.82888177574563,-16.01706289368295,-0.18818111793731873,359.81181888206265,119.81181888206265
260527_iris_line_sweep,sim,f_pi2,sim,S11,offset_nan,06_3-5_TDS-Half-Plunger-Iris2Dsweep-260527_19.s1p,06_3-5_TDS-Half-Plunger-Iris2Dsweep-260527_2.s1p,,,2.8774448751896,2.877444,2.877444,4.55117240702989e-09,2.397073142344203e-09,-16.01706289368295,-5.773518491397531,10.243544402285409,10.243544402285409,-229.7564555977146
260527_iris_line_sweep,sim,f_pi2,sim,S11,offset_nan,06_3-5_TDS-Half-Plunger-Iris2Dsweep-260527_2.s1p,06_3-5_TDS-Half-Plunger-Iris2Dsweep-260527_20.s1p,,,2.8774448751896,2.877444,2.877444,2.397073142344203e-09,-3.574653914572351e-09,-5.773518491397531,-16.19740955269246,-10.423891061294938,349.57610893870503,109.57610893870503
260527_iris_line_sweep,sim,f_pi2,sim,S11,offset_nan,06_3-5_TDS-Half-Plunger-Iris2Dsweep-260527_20.s1p,06_3-5_TDS-Half-Plunger-Iris2Dsweep-260527_21.s1p,,,2.8774448751896,2.877444,2.877444,-3.574653914572351e-09,-7.70171219273312e-06,-16.19740955269246,-16.372340331007113,-0.17493077831466053,359.82506922168534,119.82506922168534
260527_iris_line_sweep,sim,f_pi2,sim,S11,offset_nan,06_3-5_TDS-Half-Plunger-Iris2Dsweep-260527_21.s1p,06_3-5_TDS-Half-Plunger-Iris2Dsweep-260527_22.s1p,,,2.8774448751896,2.877444,2.877444,-7.70171219273312e-06,-2.4280246906947964e-06,-16.372340331007113,-22.328375989485924,-5.956035658478811,354.0439643415212,114.04396434152119
260527_iris_line_sweep,sim,f_pi2,sim,S11,offset_nan,06_3-5_TDS-Half-Plunger-Iris2Dsweep-260527_22.s1p,06_3-5_TDS-Half-Plunger-Iris2Dsweep-260527_23.s1p,,,2.8774448751896,2.877444,2.877444,-2.4280246906947964e-06,-3.4351525613414766e-06,-22.328375989485924,-22.44317779046683,-0.11480180098089932,359.8851981990191,119.8851981990191
260527_iris_line_sweep,sim,f_pi2,sim,S11,offset_nan,06_3-5_TDS-Half-Plunger-Iris2Dsweep-260527_23.s1p,06_3-5_TDS-Half-Plunger-Iris2Dsweep-260527_24.s1p,,,2.8774448751896,2.877444,2.877444,-3.4351525613414766e-06,-7.3892991772665575e-06,-22.44317779046683,-22.558353911179648,-0.11517612071281746,359.8848238792872,119.88482387928718
260527_iris_line_sweep,sim,f_pi2,sim,S11,offset_nan,06_3-5_TDS-Half-Plunger-Iris2Dsweep-260527_24.s1p,06_3-5_TDS-Half-Plunger-Iris2Dsweep-260527_25.s1p,,,2.8774448751896,2.877444,2.877444,-7.3892991772665575e-06,-7.077102253925623e-06,-22.558353911179648,-22.674714651906985,-0.11636074072734459,359.8836392592726,119.88363925927263
260527_iris_line_sweep,sim,f_pi2,sim,S11,offset_nan,06_3-5_TDS-Half-Plunger-Iris2Dsweep-260527_25.s1p,06_3-5_TDS-Half-Plunger-Iris2Dsweep-260527_26.s1p,,,2.8774448751896,2.877444,2.877444,-7.077102253925623e-06,-6.800878191368881e-06,-22.674714651906985,-22.791807154348824,-0.11709250244183522,359.88290749755816,119.88290749755816
260527_iris_line_sweep,sim,f_pi2,sim,S11,offset_nan,06_3-5_TDS-Half-Plunger-Iris2Dsweep-260527_26.s1p,06_3-5_TDS-Half-Plunger-Iris2Dsweep-260527_3.s1p,,,2.8774448751896,2.877444,2.877444,-6.800878191368881e-06,-1.0522019272813661e-05,-22.791807154348824,28.281391434218918,51.07319858856775,51.07319858856775,-188.92680141143225
260527_iris_line_sweep,sim,f_pi2,sim,S11,offset_nan,06_3-5_TDS-Half-Plunger-Iris2Dsweep-260527_3.s1p,06_3-5_TDS-Half-Plunger-Iris2Dsweep-260527_4.s1p,,,2.8774448751896,2.877444,2.877444,-1.0522019272813661e-05,-3.81161038765682e-10,28.281391434218918,22.578957269717893,-5.702434164501028,354.297565835499,114.29756583549897
260527_iris_line_sweep,sim,f_pi2,sim,S11,offset_nan,06_3-5_TDS-Half-Plunger-Iris2Dsweep-260527_4.s1p,06_3-5_TDS-Half-Plunger-Iris2Dsweep-260527_5.s1p,,,2.8774448751896,2.877444,2.877444,-3.81161038765682e-10,1.7843317556239997e-09,22.578957269717893,18.166656933161423,-4.412300336556484,355.5876996634435,115.58769966344352
260527_iris_line_sweep,sim,f_pi2,sim,S11,offset_nan,06_3-5_TDS-Half-Plunger-Iris2Dsweep-260527_5.s1p,06_3-5_TDS-Half-Plunger-Iris2Dsweep-260527_6.s1p,,,2.8774448751896,2.877444,2.877444,1.7843317556239997e-09,-1.2956848490696343e-09,18.166656933161423,14.657785129876913,-3.5088718032845065,356.4911281967155,116.49112819671552
260527_iris_line_sweep,sim,f_pi2,sim,S11,offset_nan,06_3-5_TDS-Half-Plunger-Iris2Dsweep-260527_6.s1p,06_3-5_TDS-Half-Plunger-Iris2Dsweep-260527_7.s1p,,,2.8774448751896,2.877444,2.877444,-1.2956848490696343e-09,1.3502667478024246e-09,14.657785129876913,11.806088707991295,-2.851696421885606,357.1483035781144,117.1483035781144
260527_iris_line_sweep,sim,f_pi2,sim,S11,offset_nan,06_3-5_TDS-Half-Plunger-Iris2Dsweep-260527_7.s1p,06_3-5_TDS-Half-Plunger-Iris2Dsweep-260527_8.s1p,,,2.8774448751896,2.877444,2.877444,1.3502667478024246e-09,-3.7900593490153696e-06,11.806088707991295,12.807167564254701,1.0010788562634048,1.0010788562634048,-238.9989211437366
260527_iris_line_sweep,sim,f_pi2,sim,S11,offset_nan,06_3-5_TDS-Half-Plunger-Iris2Dsweep-260527_8.s1p,06_3-5_TDS-Half-Plunger-Iris2Dsweep-260527_9.s1p,,,2.8774448751896,2.877444,2.877444,-3.7900593490153696e-06,-2.9412690836862647e-07,12.807167564254701,9.375707898412443,-3.4314596658422545,356.5685403341578,116.56854033415777
