dataset_id,source_file,run_id,sim_NumDepth,sim_r_c,sim_w_c,spacing_fmean_minus_f2pi3_deg,spacing_fpi2_minus_fmean_deg,spacing_equality_error_deg,spacing_60deg_target_error_deg
260605_iris2dsweep_solver_export_no_norm,06_3-7_TDS-Half-Plunger-Iris2DsweepSolverNonNorm-260604_3.s1p,3,2.0,54.59,18.3224,-11.088200161049315,-14.416535253459841,3.3283350924105264,94.49526458549084
260605_iris2dsweep_solver_export_no_norm,06_3-7_TDS-Half-Plunger-Iris2DsweepSolverNonNorm-260604_4.s1p,4,2.0,54.59,18.5724,-11.638370012299276,-15.319712906098658,3.681342893799382,93.04191708160207
260605_iris2dsweep_solver_export_no_norm,06_3-7_TDS-Half-Plunger-Iris2DsweepSolverNonNorm-260604_5.s1p,5,2.0,54.59,18.8224,-12.228844337941041,-16.2869665285848,4.058122190643758,91.48418913347416
260605_iris2dsweep_solver_export_no_norm,06_3-7_TDS-Half-Plunger-Iris2DsweepSolverNonNorm-260604_6.s1p,6,2.0,54.59,19.0724,-12.861681165275229,-17.317015920344886,4.455334755069657,89.82130291437988
260605_iris2dsweep_solver_export_no_norm,06_3-7_TDS-Half-Plunger-Iris2DsweepSolverNonNorm-260604_7.s1p,7,2.0,54.59,19.3224,-13.53451355727168,-18.403023540392013,4.868509983120333,88.0624629023363
260605_iris2dsweep_solver_export_no_norm,06_3-7_TDS-Half-Plunger-Iris2DsweepSolverNonNorm-260604_8.s1p,8,2.0,54.59,19.5724,-14.246352879918788,-19.537658732849223,5.291305852930435,86.21598838723199
260605_iris2dsweep_solver_export_no_norm,06_3-7_TDS-Half-Plunger-Iris2DsweepSolverNonNorm-260604_9.s1p,9,2.0,54.59,19.8224,-14.992308400361935,-20.704207656622202,5.711899256260267,84.30348394301586
260605_iris2dsweep_solver_export_no_norm,06_3-7_TDS-Half-Plunger-Iris2DsweepSolverNonNorm-260604_10.s1p,10,2.0,54.59,20.0724,-15.773232838099034,-21.90042037968732,6.127187541588285,82.32634678221365
260605_iris2dsweep_solver_export_no_norm,06_3-7_TDS-Half-Plunger-Iris2DsweepSolverNonNorm-260604_11.s1p,11,2.0,54.59,20.3224,-16.5783068892614,-23.0979850626656,6.519678173404202,80.323708048073
260605_iris2dsweep_solver_export_no_norm,06_3-7_TDS-Half-Plunger-Iris2DsweepSolverNonNorm-260604_12.s1p,12,2.0,54.84,18.3224,-12.397334643384198,-17.000125727167557,4.602791083783359,90.60253962944824
260605_iris2dsweep_solver_export_no_norm,06_3-7_TDS-Half-Plunger-Iris2DsweepSolverNonNorm-260604_13.s1p,13,2.0,54.84,18.5724,-13.088885010153348,-18.183960682247687,5.095075672094339,88.72715430759897
260605_iris2dsweep_solver_export_no_norm,06_3-7_TDS-Half-Plunger-Iris2DsweepSolverNonNorm-260604_14.s1p,14,2.0,54.84,18.8224,-13.832761649661876,-19.44514884919596,5.6123871995340835,86.72208950114216
260605_iris2dsweep_solver_export_no_norm,06_3-7_TDS-Half-Plunger-Iris2DsweepSolverNonNorm-260604_15.s1p,15,2.0,54.84,19.0724,-14.624995520154727,-20.772828988153094,6.1478334679983675,84.60217549169218
260605_iris2dsweep_solver_export_no_norm,06_3-7_TDS-Half-Plunger-Iris2DsweepSolverNonNorm-260604_16.s1p,16,2.0,54.84,19.3224,-15.46757071594135,-22.161496819485535,6.693926103544186,82.37093246457312
260605_iris2dsweep_solver_export_no_norm,06_3-7_TDS-Half-Plunger-Iris2DsweepSolverNonNorm-260604_17.s1p,17,2.0,54.84,19.5724,-16.354375041358367,-23.5893576555157,7.234982614157332,80.05626730312594
260605_iris2dsweep_solver_export_no_norm,06_3-7_TDS-Half-Plunger-Iris2DsweepSolverNonNorm-260604_18.s1p,18,2.0,54.84,19.8224,-17.277059593074455,-25.027789963496218,7.750730370421763,77.69515044342933
260605_iris2dsweep_solver_export_no_norm,06_3-7_TDS-Half-Plunger-Iris2DsweepSolverNonNorm-260604_19.s1p,19,2.0,54.84,20.0724,-18.233179777657313,-26.46398541773371,8.230805640076397,75.30283480460898
260605_iris2dsweep_solver_export_no_norm,06_3-7_TDS-Half-Plunger-Iris2DsweepSolverNonNorm-260604_20.s1p,20,2.0,54.84,20.3224,-19.208577164233787,-27.858725048583864,8.650147884350076,72.93269778718235
260605_iris2dsweep_solver_export_no_norm,06_3-7_TDS-Half-Plunger-Iris2DsweepSolverNonNorm-260604_21.s1p,21,2.0,55.09,18.3224,-14.204429589764317,-20.7872686721916,6.582839082427284,85.00830173804408
260605_iris2dsweep_solver_export_no_norm,06_3-7_TDS-Half-Plunger-Iris2DsweepSolverNonNorm-260604_22.s1p,22,2.0,55.09,18.5724,-15.09476196715832,-22.37011102156987,7.275349054411549,82.53512701127181
260605_iris2dsweep_solver_export_no_norm,06_3-7_TDS-Half-Plunger-Iris2DsweepSolverNonNorm-260604_23.s1p,23,2.0,55.09,18.8224,-16.04539522173974,-24.029993003870118,7.984597782130379,79.92461177439014
260605_iris2dsweep_solver_export_no_norm,06_3-7_TDS-Half-Plunger-Iris2DsweepSolverNonNorm-260604_24.s1p,24,2.0,55.09,19.0724,-17.058629150900316,-25.756940931355643,8.698311780455327,77.18442991774404
260605_iris2dsweep_solver_export_no_norm,06_3-7_TDS-Half-Plunger-Iris2DsweepSolverNonNorm-260604_25.s1p,25,2.0,55.09,19.3224,-18.125292118055427,-27.513619269965517,9.38832715191009,74.36108861197906
260605_iris2dsweep_solver_export_no_norm,06_3-7_TDS-Half-Plunger-Iris2DsweepSolverNonNorm-260604_26.s1p,26,2.0,55.09,19.5724,-19.239656480246424,-29.273320271678642,10.033663791432218,71.48702324807493
260605_iris2dsweep_solver_export_no_norm,06_3-7_TDS-Half-Plunger-Iris2DsweepSolverNonNorm-260604_27.s1p,27,2.0,55.09,19.8224,-20.387314858688967,-30.98423250899492,10.596917650305954,68.62845263231611
260605_iris2dsweep_solver_export_no_norm,06_3-7_TDS-Half-Plunger-Iris2DsweepSolverNonNorm-260604_28.s1p,28,2.0,55.09,20.0724,-21.552542263861653,-32.60453773797468,11.051995474113028,65.84291999816367
260605_iris2dsweep_solver_export_no_norm,06_3-7_TDS-Half-Plunger-Iris2DsweepSolverNonNorm-260604_29.s1p,29,2.0,55.09,20.3224,-22.72271155977967,-34.09826503227407,11.375553472494403,63.17902340794626
260605_iris2dsweep_solver_export_no_norm,06_3-7_TDS-Half-Plunger-Iris2DsweepSolverNonNorm-260604_30.s1p,30,2.0,55.34,18.3224,-16.775021870185213,-26.529269861126977,9.754247990941764,76.69570826868781
260605_iris2dsweep_solver_export_no_norm,06_3-7_TDS-Half-Plunger-Iris2DsweepSolverNonNorm-260604_31.s1p,31,2.0,55.34,18.5724,-17.944642536898442,-28.657831168714836,10.713188631816394,73.39752629438672
260605_iris2dsweep_solver_export_no_norm,06_3-7_TDS-Half-Plunger-Iris2DsweepSolverNonNorm-260604_32.s1p,32,2.0,55.34,18.8224,-19.19162134592645,-30.843245536602893,11.651624190676444,69.96513311747066
260605_iris2dsweep_solver_export_no_norm,06_3-7_TDS-Half-Plunger-Iris2DsweepSolverNonNorm-260604_33.s1p,33,2.0,55.34,19.0724,-20.500359778348013,-33.02024565204985,12.519885873701838,66.47939456960214
260605_iris2dsweep_solver_export_no_norm,06_3-7_TDS-Half-Plunger-Iris2DsweepSolverNonNorm-260604_34.s1p,34,2.0,55.34,19.3224,-21.86813008317347,-35.154520302790274,13.286390219616806,62.97734961403626
260605_iris2dsweep_solver_export_no_norm,06_3-7_TDS-Half-Plunger-Iris2DsweepSolverNonNorm-260604_35.s1p,35,2.0,55.34,19.5724,-23.264080811651098,-37.15054462364901,13.886463811997913,59.58537456469989
260605_iris2dsweep_solver_export_no_norm,06_3-7_TDS-Half-Plunger-Iris2DsweepSolverNonNorm-260604_36.s1p,36,2.0,55.34,19.8224,-24.67222638503125,-38.96183673508608,14.28961035005483,56.36593687988267
260605_iris2dsweep_solver_export_no_norm,06_3-7_TDS-Half-Plunger-Iris2DsweepSolverNonNorm-260604_37.s1p,37,2.0,55.34,20.0724,-26.0650185811202,-40.52476775304032,14.459749171920123,53.41021366583948
260605_iris2dsweep_solver_export_no_norm,06_3-7_TDS-Half-Plunger-Iris2DsweepSolverNonNorm-260604_38.s1p,38,2.0,55.34,20.3224,-27.41181258006901,-41.78895297247823,14.377140392409217,50.79923444745276
260605_iris2dsweep_solver_export_no_norm,06_3-7_TDS-Half-Plunger-Iris2DsweepSolverNonNorm-260604_39.s1p,39,2.0,55.59,18.3224,-20.56941507346201,-35.47691799691506,14.907502923453052,63.953666929622926
260605_iris2dsweep_solver_export_no_norm,06_3-7_TDS-Half-Plunger-Iris2DsweepSolverNonNorm-260604_40.s1p,40,2.0,55.59,18.5724,-22.13103429253428,-38.22488675768892,16.09385246515464,59.6440789497768
260605_iris2dsweep_solver_export_no_norm,06_3-7_TDS-Half-Plunger-Iris2DsweepSolverNonNorm-260604_41.s1p,41,2.0,55.59,18.8224,-23.779253771063225,-40.90026668886401,17.121012917800783,55.32047954007277
260605_iris2dsweep_solver_export_no_norm,06_3-7_TDS-Half-Plunger-Iris2DsweepSolverNonNorm-260604_42.s1p,42,2.0,55.59,19.0724,-25.480465497331863,-43.37870819248079,17.898242695148923,51.14082631018735
260605_iris2dsweep_solver_export_no_norm,06_3-7_TDS-Half-Plunger-Iris2DsweepSolverNonNorm-260604_43.s1p,43,2.0,55.59,19.3224,-27.205312880184408,-45.56227245135557,18.35695957117116,47.232414668460024
260605_iris2dsweep_solver_export_no_norm,06_3-7_TDS-Half-Plunger-Iris2DsweepSolverNonNorm-260604_44.s1p,44,2.0,55.59,19.5724,-28.917409609885084,-47.36725714295585,18.449847533070766,43.715333247159066
260605_iris2dsweep_solver_export_no_norm,06_3-7_TDS-Half-Plunger-Iris2DsweepSolverNonNorm-260604_45.s1p,45,2.0,55.59,19.8224,-30.5762622165567,-48.736516280079,18.160254063522302,40.6872215033643
260605_iris2dsweep_solver_export_no_norm,06_3-7_TDS-Half-Plunger-Iris2DsweepSolverNonNorm-260604_46.s1p,46,2.0,55.59,20.0724,-32.129108327986046,-49.619893538136864,17.49078521015082,38.25099813387709
260605_iris2dsweep_solver_export_no_norm,06_3-7_TDS-Half-Plunger-Iris2DsweepSolverNonNorm-260604_47.s1p,47,2.0,55.59,20.3224,-33.53408619702299,-50.02424755905349,16.490161362030506,36.44166624392352
260605_iris2dsweep_solver_export_no_norm,06_3-7_TDS-Half-Plunger-Iris2DsweepSolverNonNorm-260604_48.s1p,48,2.0,55.84,18.3224,-26.353252223553113,-49.16410301349305,22.810850789939934,44.48264476295384
260605_iris2dsweep_solver_export_no_norm,06_3-7_TDS-Half-Plunger-Iris2DsweepSolverNonNorm-260604_49.s1p,49,2.0,55.84,18.5724,-28.45992772511221,-52.17978009139853,23.719852366286318,39.360292183489264
260605_iris2dsweep_solver_export_no_norm,06_3-7_TDS-Half-Plunger-Iris2DsweepSolverNonNorm-260604_50.s1p,50,2.0,55.84,18.8224,-30.605929719135247,-54.69982999192179,24.09390027278654,34.694240288942964
260605_iris2dsweep_solver_export_no_norm,06_3-7_TDS-Half-Plunger-Iris2DsweepSolverNonNorm-260604_51.s1p,51,2.0,55.84,19.0724,-32.74391589356287,-56.62103108621213,23.877115192649256,30.635053020225
260605_iris2dsweep_solver_export_no_norm,06_3-7_TDS-Half-Plunger-Iris2DsweepSolverNonNorm-260604_52.s1p,52,2.0,55.84,19.3224,-34.806936887738544,-57.86371201410809,23.056775126369544,27.329351098153367
260605_iris2dsweep_solver_export_no_norm,06_3-7_TDS-Half-Plunger-Iris2DsweepSolverNonNorm-260604_53.s1p,53,2.0,55.84,19.5724,-36.722126340383085,-58.4127939656309,21.690667625247812,24.86507969398602
260605_iris2dsweep_solver_export_no_norm,06_3-7_TDS-Half-Plunger-Iris2DsweepSolverNonNorm-260604_54.s1p,54,2.0,55.84,19.8224,-38.42219753483579,-58.298635154315775,19.876437619479987,23.279167310848436
260605_iris2dsweep_solver_export_no_norm,06_3-7_TDS-Half-Plunger-Iris2DsweepSolverNonNorm-260604_55.s1p,55,2.0,55.84,20.0724,-39.855097529106786,-57.606901407941166,17.75180387883438,22.53800106295205
260605_iris2dsweep_solver_export_no_norm,06_3-7_TDS-Half-Plunger-Iris2DsweepSolverNonNorm-260604_56.s1p,56,2.0,55.84,20.3224,-40.973573989354065,-56.43446551933056,15.460891529976493,22.591960491315376
260605_iris2dsweep_solver_export_no_norm,06_3-7_TDS-Half-Plunger-Iris2DsweepSolverNonNorm-260604_57.s1p,57,2.0,56.09,18.3224,-35.38933103215146,-67.43439837467145,32.045067342519985,32.045067342519985
260605_iris2dsweep_solver_export_no_norm,06_3-7_TDS-Half-Plunger-Iris2DsweepSolverNonNorm-260604_58.s1p,58,2.0,56.09,18.5724,-38.093975962209015,-68.97956803277921,30.885592070570198,30.885592070570198
260605_iris2dsweep_solver_export_no_norm,06_3-7_TDS-Half-Plunger-Iris2DsweepSolverNonNorm-260604_59.s1p,59,2.0,56.09,18.8224,-40.677056605723436,-69.51617789734651,28.839121291623073,28.839121291623073
260605_iris2dsweep_solver_export_no_norm,06_3-7_TDS-Half-Plunger-Iris2DsweepSolverNonNorm-260604_60.s1p,60,2.0,56.09,19.0724,-43.03629439216141,-69.10488895960908,26.068594567447676,26.068594567447676
260605_iris2dsweep_solver_export_no_norm,06_3-7_TDS-Half-Plunger-Iris2DsweepSolverNonNorm-260604_61.s1p,61,2.0,56.09,19.3224,-45.05217006423152,-67.86384132479576,22.81167126056424,22.81167126056424
260605_iris2dsweep_solver_export_no_norm,06_3-7_TDS-Half-Plunger-Iris2DsweepSolverNonNorm-260604_62.s1p,62,2.0,56.09,19.5724,-46.677430942529924,-65.98607969155469,19.30864874902477,19.30864874902477
260605_iris2dsweep_solver_export_no_norm,06_3-7_TDS-Half-Plunger-Iris2DsweepSolverNonNorm-260604_63.s1p,63,2.0,56.09,19.8224,-47.820544076153084,-63.62012778530571,15.799583709152628,15.799583709152628
260605_iris2dsweep_solver_export_no_norm,06_3-7_TDS-Half-Plunger-Iris2DsweepSolverNonNorm-260604_64.s1p,64,2.0,56.09,20.0724,-48.47609704451435,-60.954163188337475,12.478066143823128,12.478066143823128
260605_iris2dsweep_solver_export_no_norm,06_3-7_TDS-Half-Plunger-Iris2DsweepSolverNonNorm-260604_65.s1p,65,2.0,56.09,20.3224,-48.655502778898665,-58.127256582297065,9.4717538033984,13.21724063880427
260605_iris2dsweep_solver_export_no_norm,06_3-7_TDS-Half-Plunger-Iris2DsweepSolverNonNorm-260604_66.s1p,66,2.0,56.34,18.3224,-49.14314253796783,-82.94868054423185,33.805538006264015,33.805538006264015
260605_iris2dsweep_solver_export_no_norm,06_3-7_TDS-Half-Plunger-Iris2DsweepSolverNonNorm-260604_67.s1p,67,2.0,56.34,18.5724,-51.96130449689281,-80.51366919544309,28.552364698550278,28.552364698550278
260605_iris2dsweep_solver_export_no_norm,06_3-7_TDS-Half-Plunger-Iris2DsweepSolverNonNorm-260604_68.s1p,68,2.0,56.34,18.8224,-54.22416412306666,-77.28674411575776,23.0625799926911,23.0625799926911
260605_iris2dsweep_solver_export_no_norm,06_3-7_TDS-Half-Plunger-Iris2DsweepSolverNonNorm-260604_69.s1p,69,2.0,56.34,19.0724,-55.82825932509955,-73.54717303593597,17.718913710836418,17.718913710836418
260605_iris2dsweep_solver_export_no_norm,06_3-7_TDS-Half-Plunger-Iris2DsweepSolverNonNorm-260604_70.s1p,70,2.0,56.34,19.3224,-56.72589182595419,-69.5531576382795,12.827265812325308,12.827265812325308
260605_iris2dsweep_solver_export_no_norm,06_3-7_TDS-Half-Plunger-Iris2DsweepSolverNonNorm-260604_71.s1p,71,2.0,56.34,19.5724,-56.93755539117795,-65.49239717183912,8.554841780661164,8.554841780661164
260605_iris2dsweep_solver_export_no_norm,06_3-7_TDS-Half-Plunger-Iris2DsweepSolverNonNorm-260604_72.s1p,72,2.0,56.34,19.8224,-56.498380330993484,-61.51299982056557,5.014619489572084,5.014619489572084
260605_iris2dsweep_solver_export_no_norm,06_3-7_TDS-Half-Plunger-Iris2DsweepSolverNonNorm-260604_73.s1p,73,2.0,56.34,20.0724,-55.5210515971318,-57.72346658873953,2.202414991607725,6.755481814128672
260605_iris2dsweep_solver_export_no_norm,06_3-7_TDS-Half-Plunger-Iris2DsweepSolverNonNorm-260604_74.s1p,74,2.0,56.34,20.3224,-54.10753667497045,-54.16378489520312,0.05624822023267484,11.72867842982643
260605_iris2dsweep_solver_export_no_norm,06_3-7_TDS-Half-Plunger-Iris2DsweepSolverNonNorm-260604_75.s1p,75,2.0,56.59,18.3224,-66.82482509052139,-83.29929597974936,16.474470889227973,30.124121070270746
260605_iris2dsweep_solver_export_no_norm,06_3-7_TDS-Half-Plunger-Iris2DsweepSolverNonNorm-260604_76.s1p,76,2.0,56.59,18.5724,-67.851775203969,-77.43323285689915,9.581457652930155,25.28500806086815
260605_iris2dsweep_solver_export_no_norm,06_3-7_TDS-Half-Plunger-Iris2DsweepSolverNonNorm-260604_77.s1p,77,2.0,56.59,18.8224,-67.84248176819737,-71.7898358449153,3.9473540767179287,19.632317613112676
260605_iris2dsweep_solver_export_no_norm,06_3-7_TDS-Half-Plunger-Iris2DsweepSolverNonNorm-260604_78.s1p,78,2.0,56.59,19.0724,-66.92918978725697,-66.50799098588392,0.4211988013730519,13.437180773140895
260605_iris2dsweep_solver_export_no_norm,06_3-7_TDS-Half-Plunger-Iris2DsweepSolverNonNorm-260604_1.s1p,1,1.0,56.59,19.3224,-6.2226957380797785,-6.254204530537464,0.031508792457685786,107.52309973138276
260605_iris2dsweep_solver_export_no_norm,06_3-7_TDS-Half-Plunger-Iris2DsweepSolverNonNorm-260604_2.s1p,2,2.0,56.59,19.3224,-65.26305041097196,-61.64873361716042,3.6143167938115397,6.911784028132374
260605_iris2dsweep_solver_export_no_norm,06_3-7_TDS-Half-Plunger-Iris2DsweepSolverNonNorm-260604_79.s1p,79,2.0,56.59,19.5724,-63.03456008823176,-57.24639995819123,5.788160130040524,5.788160130040524
260605_iris2dsweep_solver_export_no_norm,06_3-7_TDS-Half-Plunger-Iris2DsweepSolverNonNorm-260604_80.s1p,80,2.0,56.59,19.8224,-60.42738967601284,-53.28373421880822,7.143655457204616,7.143655457204616
260605_iris2dsweep_solver_export_no_norm,06_3-7_TDS-Half-Plunger-Iris2DsweepSolverNonNorm-260604_81.s1p,81,2.0,56.59,20.0724,-57.603371864972246,-49.74835932940357,7.855012535568676,12.648268805624184
260605_iris2dsweep_solver_export_no_norm,06_3-7_TDS-Half-Plunger-Iris2DsweepSolverNonNorm-260604_82.s1p,82,2.0,56.59,20.3224,-54.698889712421305,-46.57835110682112,8.120538605600188,18.722759180757578
260605_iris2dsweep_solver_export_no_norm,06_3-7_TDS-Half-Plunger-Iris2DsweepSolverNonNorm-260604_83.s1p,83,2.0,56.84,18.3224,-79.99283603627812,-68.08106305612313,11.911772980154993,28.07389909240125
260605_iris2dsweep_solver_export_no_norm,06_3-7_TDS-Half-Plunger-Iris2DsweepSolverNonNorm-260604_84.s1p,84,2.0,56.84,18.5724,-76.9394856772286,-62.4371870883588,14.502298588869806,19.3766727655874
260605_iris2dsweep_solver_export_no_norm,06_3-7_TDS-Half-Plunger-Iris2DsweepSolverNonNorm-260604_85.s1p,85,2.0,56.84,18.8224,-73.25938437437094,-57.48699802483489,15.772386349536049,15.772386349536049
260605_iris2dsweep_solver_export_no_norm,06_3-7_TDS-Half-Plunger-Iris2DsweepSolverNonNorm-260604_86.s1p,86,2.0,56.84,19.0724,-69.23297365458313,-53.16041021382816,16.072563440754976,16.072563440754976
260605_iris2dsweep_solver_export_no_norm,06_3-7_TDS-Half-Plunger-Iris2DsweepSolverNonNorm-260604_87.s1p,87,2.0,56.84,19.3224,-65.09187309905714,-49.370020472629506,15.721852626427633,15.721852626427633
260605_iris2dsweep_solver_export_no_norm,06_3-7_TDS-Half-Plunger-Iris2DsweepSolverNonNorm-260604_88.s1p,88,2.0,56.84,19.5724,-61.01652562586065,-46.059122465163426,14.957403160697226,14.957403160697226
260605_iris2dsweep_solver_export_no_norm,06_3-7_TDS-Half-Plunger-Iris2DsweepSolverNonNorm-260604_89.s1p,89,2.0,56.84,19.8224,-57.11369528770639,-43.15073472176965,13.96296056593674,19.735569990523956
260605_iris2dsweep_solver_export_no_norm,06_3-7_TDS-Half-Plunger-Iris2DsweepSolverNonNorm-260604_90.s1p,90,2.0,56.84,20.0724,-53.45851923412812,-40.58675302973643,12.87176620439169,25.954727736135453
260605_iris2dsweep_solver_export_no_norm,06_3-7_TDS-Half-Plunger-Iris2DsweepSolverNonNorm-260604_91.s1p,91,2.0,56.84,20.3224,-50.080159694629515,-38.32403139455258,11.756128300076938,31.595808910817908
260605_iris2dsweep_solver_export_no_norm,06_3-7_TDS-Half-Plunger-Iris2DsweepSolverNonNorm-260604_92.s1p,92,2.0,57.09,18.3224,-77.1749532029813,-49.59390005556145,27.58105314741985,27.58105314741985
260605_iris2dsweep_solver_export_no_norm,06_3-7_TDS-Half-Plunger-Iris2DsweepSolverNonNorm-260604_93.s1p,93,2.0,57.09,18.5724,-71.32531037640015,-46.06635414127169,25.258956235128466,25.258956235128466
260605_iris2dsweep_solver_export_no_norm,06_3-7_TDS-Half-Plunger-Iris2DsweepSolverNonNorm-260604_94.s1p,94,2.0,57.09,18.8224,-65.85604820424159,-43.02169547652818,22.83435272771341,22.83435272771341
260605_iris2dsweep_solver_export_no_norm,06_3-7_TDS-Half-Plunger-Iris2DsweepSolverNonNorm-260604_95.s1p,95,2.0,57.09,19.0724,-60.836119811561474,-40.36431671845679,20.471803093104683,20.471803093104683
260605_iris2dsweep_solver_export_no_norm,06_3-7_TDS-Half-Plunger-Iris2DsweepSolverNonNorm-260604_96.s1p,96,2.0,57.09,19.3224,-56.30401617219381,-38.042349813732955,18.261666358460857,25.653634014073234
260605_iris2dsweep_solver_export_no_norm,06_3-7_TDS-Half-Plunger-Iris2DsweepSolverNonNorm-260604_97.s1p,97,2.0,57.09,19.5724,-52.25702930347511,-36.00621577430016,16.25081352917495,31.736754922224733
260605_iris2dsweep_solver_export_no_norm,06_3-7_TDS-Half-Plunger-Iris2DsweepSolverNonNorm-260604_98.s1p,98,2.0,57.09,19.8224,-48.63897933847812,-34.194427174480154,14.444552163997969,37.16659348704172
260605_iris2dsweep_solver_export_no_norm,06_3-7_TDS-Half-Plunger-Iris2DsweepSolverNonNorm-260604_99.s1p,99,2.0,57.09,20.0724,-45.42443303171646,-32.5836876607093,12.84074537100716,41.99187930757424
260605_iris2dsweep_solver_export_no_norm,06_3-7_TDS-Half-Plunger-Iris2DsweepSolverNonNorm-260604_100.s1p,100,2.0,57.09,20.3224,-42.57349896533384,-31.147962922101158,11.425536043232682,46.278538112565
260605_iris2dsweep_solver_export_no_norm,06_3-7_TDS-Half-Plunger-Iris2DsweepSolverNonNorm-260604_101.s1p,101,2.0,57.34,18.3224,-61.06635089907098,-35.61675973155266,25.44959116751832,25.44959116751832
260605_iris2dsweep_solver_export_no_norm,06_3-7_TDS-Half-Plunger-Iris2DsweepSolverNonNorm-260604_102.s1p,102,2.0,57.34,18.5724,-56.02916464106299,-33.79629578662764,22.232868854435353,30.17453957230937
260605_iris2dsweep_solver_export_no_norm,06_3-7_TDS-Half-Plunger-Iris2DsweepSolverNonNorm-260604_103.s1p,103,2.0,57.34,18.8224,-51.66467121700941,-32.195768145911416,19.468903071097998,36.13956063707917
260605_iris2dsweep_solver_export_no_norm,06_3-7_TDS-Half-Plunger-Iris2DsweepSolverNonNorm-260604_104.s1p,104,2.0,57.34,19.0724,-47.84763075865908,-30.76071778045042,17.08691297820866,41.3916514608905
260605_iris2dsweep_solver_export_no_norm,06_3-7_TDS-Half-Plunger-Iris2DsweepSolverNonNorm-260604_105.s1p,105,2.0,57.34,19.3224,-44.532829949807876,-29.485339919715898,15.047490030091978,45.981830130476226
260605_iris2dsweep_solver_export_no_norm,06_3-7_TDS-Half-Plunger-Iris2DsweepSolverNonNorm-260604_106.s1p,106,2.0,57.34,19.5724,-41.637944446749344,-28.34030523734947,13.297639209399875,50.02175031590119
260605_iris2dsweep_solver_export_no_norm,06_3-7_TDS-Half-Plunger-Iris2DsweepSolverNonNorm-260604_107.s1p,107,2.0,57.34,19.8224,-39.10250416886572,-27.311503501377842,11.791000667487879,53.58599232975644
260605_iris2dsweep_solver_export_no_norm,06_3-7_TDS-Half-Plunger-Iris2DsweepSolverNonNorm-260604_108.s1p,108,2.0,57.34,20.0724,-36.863928755572516,-26.375121557514092,10.488807198058424,56.76094968691339
260605_iris2dsweep_solver_export_no_norm,06_3-7_TDS-Half-Plunger-Iris2DsweepSolverNonNorm-260604_109.s1p,109,2.0,57.34,20.3224,-34.884323858985,-25.526193739548717,9.358130119436282,59.589482401466285
260605_iris2dsweep_solver_export_no_norm,06_3-7_TDS-Half-Plunger-Iris2DsweepSolverNonNorm-260604_110.s1p,110,2.0,57.59,18.3224,-44.04059175489914,-26.497366650232834,17.543225104666305,49.462041594868026
260605_iris2dsweep_solver_export_no_norm,06_3-7_TDS-Half-Plunger-Iris2DsweepSolverNonNorm-260604_111.s1p,111,2.0,57.59,18.5724,-41.073934141165125,-25.623538308545562,15.450395832619563,53.30252755028931
260605_iris2dsweep_solver_export_no_norm,06_3-7_TDS-Half-Plunger-Iris2DsweepSolverNonNorm-260604_112.s1p,112,2.0,57.59,18.8224,-38.49611673990651,-24.827560708355406,13.668556031551105,56.67632255173808
260605_iris2dsweep_solver_export_no_norm,06_3-7_TDS-Half-Plunger-Iris2DsweepSolverNonNorm-260604_113.s1p,113,2.0,57.59,19.0724,-36.25536983801294,-24.106159735069895,12.149210102943044,59.638470426917166
260605_iris2dsweep_solver_export_no_norm,06_3-7_TDS-Half-Plunger-Iris2DsweepSolverNonNorm-260604_114.s1p,114,2.0,57.59,19.3224,-34.282668283639794,-23.444561553576193,10.8381067300636,62.27277016278401
260605_iris2dsweep_solver_export_no_norm,06_3-7_TDS-Half-Plunger-Iris2DsweepSolverNonNorm-260604_115.s1p,115,2.0,57.59,19.5724,-32.54930893618533,-22.840531926994174,9.708777009191152,64.6101591368205
260605_iris2dsweep_solver_export_no_norm,06_3-7_TDS-Half-Plunger-Iris2DsweepSolverNonNorm-260604_116.s1p,116,2.0,57.59,19.8224,-31.00517016148038,-22.284639914130025,8.720530247350354,66.7101899243896
260605_iris2dsweep_solver_export_no_norm,06_3-7_TDS-Half-Plunger-Iris2DsweepSolverNonNorm-260604_117.s1p,117,2.0,57.59,20.0724,-29.631513843826895,-21.76949220645878,7.862021637368116,68.59899394971433
260605_iris2dsweep_solver_export_no_norm,06_3-7_TDS-Half-Plunger-Iris2DsweepSolverNonNorm-260604_118.s1p,118,2.0,57.59,20.3224,-28.4036921932925,-21.294775996373176,7.108916196919324,70.30153181033432
260605_iris2dsweep_solver_export_no_norm,06_3-7_TDS-Half-Plunger-Iris2DsweepSolverNonNorm-260604_119.s1p,119,2.0,57.84,18.3224,-31.80491313845215,-20.651813787083825,11.153099351368326,67.54327307446403
260605_iris2dsweep_solver_export_no_norm,06_3-7_TDS-Half-Plunger-Iris2DsweepSolverNonNorm-260604_120.s1p,120,2.0,57.84,18.5724,-30.305286857495332,-20.255591691625284,10.049695165870048,69.43912145087938
260605_iris2dsweep_solver_export_no_norm,06_3-7_TDS-Half-Plunger-Iris2DsweepSolverNonNorm-260604_121.s1p,121,2.0,57.84,18.8224,-28.97434847400538,-19.890694776189775,9.083653697815606,71.13495674980484
260605_iris2dsweep_solver_export_no_norm,06_3-7_TDS-Half-Plunger-Iris2DsweepSolverNonNorm-260604_122.s1p,122,2.0,57.84,19.0724,-27.78976119042474,-19.54812013056835,8.241641059856391,72.66211867900691
260605_iris2dsweep_solver_export_no_norm,06_3-7_TDS-Half-Plunger-Iris2DsweepSolverNonNorm-260604_123.s1p,123,2.0,57.84,19.3224,-26.72036349648627,-19.22464520456441,7.495718291921861,74.05499129894932
260605_iris2dsweep_solver_export_no_norm,06_3-7_TDS-Half-Plunger-Iris2DsweepSolverNonNorm-260604_124.s1p,124,2.0,57.84,19.5724,-25.76298474683034,-18.92564131758104,6.837343429249302,75.31137393558862
260605_iris2dsweep_solver_export_no_norm,06_3-7_TDS-Half-Plunger-Iris2DsweepSolverNonNorm-260604_125.s1p,125,2.0,57.84,19.8224,-24.89428505822454,-18.643463803673853,6.2508212545506865,76.4622511381016
260605_iris2dsweep_solver_export_no_norm,06_3-7_TDS-Half-Plunger-Iris2DsweepSolverNonNorm-260604_126.s1p,126,2.0,57.84,20.0724,-24.10692281353883,-18.379378339427888,5.7275444741109425,77.51369884703328
260605_iris2dsweep_solver_export_no_norm,06_3-7_TDS-Half-Plunger-Iris2DsweepSolverNonNorm-260604_127.s1p,127,2.0,57.84,20.3224,-23.38828840404139,-18.130116565290677,5.258171838750712,78.48159503066793
260605_iris2dsweep_solver_export_no_norm,06_3-7_TDS-Half-Plunger-Iris2DsweepSolverNonNorm-260604_128.s1p,128,2.0,58.09,18.3224,-23.921295689471208,-16.81004511784795,7.111250571623259,79.26865919268084
260605_iris2dsweep_solver_export_no_norm,06_3-7_TDS-Half-Plunger-Iris2DsweepSolverNonNorm-260604_129.s1p,129,2.0,58.09,18.5724,-23.209398977187846,-16.655212489474366,6.55418648771348,80.13538853333779
260605_iris2dsweep_solver_export_no_norm,06_3-7_TDS-Half-Plunger-Iris2DsweepSolverNonNorm-260604_130.s1p,130,2.0,58.09,18.8224,-22.561375299512008,-16.509429678971458,6.05194562054055,80.92919502151653
260605_iris2dsweep_solver_export_no_norm,06_3-7_TDS-Half-Plunger-Iris2DsweepSolverNonNorm-260604_131.s1p,131,2.0,58.09,19.0724,-21.96861187950384,-16.36879441661756,5.5998174628862785,81.6625937038786
260605_iris2dsweep_solver_export_no_norm,06_3-7_TDS-Half-Plunger-Iris2DsweepSolverNonNorm-260604_132.s1p,132,2.0,58.09,19.3224,-21.425202290299126,-16.235378075413706,5.1898242148854195,82.33941963428717
260605_iris2dsweep_solver_export_no_norm,06_3-7_TDS-Half-Plunger-Iris2DsweepSolverNonNorm-260604_133.s1p,133,2.0,58.09,19.5724,-20.925464692301773,-16.108411663219556,4.817053029082217,82.96612364447867
260605_iris2dsweep_solver_export_no_norm,06_3-7_TDS-Half-Plunger-Iris2DsweepSolverNonNorm-260604_134.s1p,134,2.0,58.09,19.8224,-20.457555975351625,-15.98411459674594,4.473441378605685,83.55832942790244
260605_iris2dsweep_solver_export_no_norm,06_3-7_TDS-Half-Plunger-Iris2DsweepSolverNonNorm-260604_135.s1p,135,2.0,58.09,20.0724,-20.02991980717883,-15.866701622661594,4.163218184517234,84.10337857015958
260605_iris2dsweep_solver_export_no_norm,06_3-7_TDS-Half-Plunger-Iris2DsweepSolverNonNorm-260604_136.s1p,136,2.0,58.09,20.3224,-19.631763875726392,-15.754078910629886,3.877684965096506,84.61415721364372
260605_iris2dsweep_solver_export_no_norm,06_3-7_TDS-Half-Plunger-Iris2DsweepSolverNonNorm-260604_137.s1p,137,2.0,58.34,18.3224,-18.870636643382568,-14.196252344891604,4.674384298490963,86.93311101172583
260605_iris2dsweep_solver_export_no_norm,06_3-7_TDS-Half-Plunger-Iris2DsweepSolverNonNorm-260604_138.s1p,138,2.0,58.34,18.5724,-18.553091240418496,-14.163779843281986,4.38931139713651,87.28312891629952
260605_iris2dsweep_solver_export_no_norm,06_3-7_TDS-Half-Plunger-Iris2DsweepSolverNonNorm-260604_139.s1p,139,2.0,58.34,18.8224,-18.258041297115597,-14.132478541554462,4.125562755561134,87.60948016132994
260605_iris2dsweep_solver_export_no_norm,06_3-7_TDS-Half-Plunger-Iris2DsweepSolverNonNorm-260604_140.s1p,140,2.0,58.34,19.0724,-17.980841423431457,-14.100560784686024,3.8802806387454325,87.91859779188252
260605_iris2dsweep_solver_export_no_norm,06_3-7_TDS-Half-Plunger-Iris2DsweepSolverNonNorm-260604_141.s1p,141,2.0,58.34,19.3224,-17.720459715799592,-14.068519998175702,3.6519397176238897,88.2110202860247
260605_iris2dsweep_solver_export_no_norm,06_3-7_TDS-Half-Plunger-Iris2DsweepSolverNonNorm-260604_142.s1p,142,2.0,58.34,19.5724,-17.4777253678227,-14.03762833047682,3.440097037345879,88.48464630170048
260605_iris2dsweep_solver_export_no_norm,06_3-7_TDS-Half-Plunger-Iris2DsweepSolverNonNorm-260604_143.s1p,143,2.0,58.34,19.8224,-17.24861737425971,-14.007334532616113,3.2412828416435957,88.74404809312418
260605_iris2dsweep_solver_export_no_norm,06_3-7_TDS-Half-Plunger-Iris2DsweepSolverNonNorm-260604_144.s1p,144,2.0,58.34,20.0724,-17.031096191047652,-13.975695658074926,3.055400532972726,88.99320815087742
260605_iris2dsweep_solver_export_no_norm,06_3-7_TDS-Half-Plunger-Iris2DsweepSolverNonNorm-260604_145.s1p,145,2.0,58.34,20.3224,-16.825394390507938,-13.944093707809913,2.8813006826980256,89.23051190168215
260605_iris2dsweep_solver_export_no_norm,06_3-7_TDS-Half-Plunger-Iris2DsweepSolverNonNorm-260604_146.s1p,146,2.0,58.59,18.3224,-15.530260876565308,-12.351693906697392,3.1785669698679158,92.1180452167373
260605_iris2dsweep_solver_export_no_norm,06_3-7_TDS-Half-Plunger-Iris2DsweepSolverNonNorm-260604_147.s1p,147,2.0,58.59,18.5724,-15.41343390572672,-12.383359282167476,3.030074623559244,92.2032068121058
260605_iris2dsweep_solver_export_no_norm,06_3-7_TDS-Half-Plunger-Iris2DsweepSolverNonNorm-260604_148.s1p,148,2.0,58.59,18.8224,-15.300810417742525,-12.412399508870323,2.8884109088722028,92.28679007338715
260605_iris2dsweep_solver_export_no_norm,06_3-7_TDS-Half-Plunger-Iris2DsweepSolverNonNorm-260604_149.s1p,149,2.0,58.59,19.0724,-15.193134252480462,-12.439280027084294,2.753854225396168,92.36758572043524
260605_iris2dsweep_solver_export_no_norm,06_3-7_TDS-Half-Plunger-Iris2DsweepSolverNonNorm-260604_150.s1p,150,2.0,58.59,19.3224,-15.08946278841367,-12.464259764704991,2.6252030237086785,92.44627744688134
260605_iris2dsweep_solver_export_no_norm,06_3-7_TDS-Half-Plunger-Iris2DsweepSolverNonNorm-260604_151.s1p,151,2.0,58.59,19.5724,-14.991399903328272,-12.488279653236646,2.5031202500916265,92.52032044343508
260605_iris2dsweep_solver_export_no_norm,06_3-7_TDS-Half-Plunger-Iris2DsweepSolverNonNorm-260604_152.s1p,152,2.0,58.59,19.8224,-14.895219595102333,-12.509205999919942,2.3860135951823906,92.59557440497773
260605_iris2dsweep_solver_export_no_norm,06_3-7_TDS-Half-Plunger-Iris2DsweepSolverNonNorm-260604_153.s1p,153,2.0,58.59,20.0724,-14.803269305629243,-12.528978267127428,2.274291038501815,92.66775242724333
260605_iris2dsweep_solver_export_no_norm,06_3-7_TDS-Half-Plunger-Iris2DsweepSolverNonNorm-260604_154.s1p,154,2.0,58.59,20.3224,-14.714679487753983,-12.54688389636192,2.167795591392064,92.7384366158841
