old_path,new_path,layer,category,notes
data/raw/250609_beforebrazing,data/raw/raw_sweep_250609_sparams_beforebrazing,raw,sweep,S-parameter sweep before brazing
data/raw/250609_halfbrazing,data/raw/raw_sweep_250609_sparams_halfbrazing,raw,sweep,S-parameter sweep after half brazing
data/raw/250729_halfbrazing_input,data/raw/raw_sweep_250729_sparams_halfbrazing_input,raw,sweep,S-parameter sweep at half-brazing input side
data/raw/250730_halfbrazing_output,data/raw/raw_sweep_250730_sparams_halfbrazing_output,raw,sweep,S-parameter sweep at half-brazing output side
data/raw/250730_halfbrazing_output_iris,data/raw/raw_sweep_250730_iris_halfbrazing_output,raw,sweep,Iris-focused half-brazing output sweep
data/raw/250801_halfbrazing_input,data/raw/raw_sweep_250801_sparams_halfbrazing_input,raw,sweep,S-parameter sweep at half-brazing input side
data/raw/250801_halfbrazing_output,data/raw/raw_sweep_250801_sparams_halfbrazing_output,raw,sweep,S-parameter sweep at half-brazing output side
data/raw/260401_fullbrazing_sparams,data/raw/raw_sweep_260401_sparams_fullbrazing,raw,sweep,S-parameter sweep after full brazing
data/raw/260409_fullbrazing_sparams_mis,data/raw/raw_sweep_260409_sparams_fullbrazing_misaligned,raw,sweep,S-parameter sweep after full brazing with misalignment note
data/raw/260415_fullbrazing_sparams,data/raw/raw_sweep_260415_sparams_fullbrazing,raw,sweep,S-parameter sweep after full brazing
data/raw/260604_iris_portE,data/raw/raw_sweep_260604_iris_portE,raw,sweep,Iris S-parameter sweep at port E
data/sim/260504_tds_body_plunger,data/sim/sim_sweep_260504_tds_body_plunger,sim,sweep,TDS body plunger sweep
data/sim/260505_cst_regular_cell_dispersion,data/sim/sim_dispersion_260505_regular_cell,sim,dispersion,CST regular-cell dispersion
data/sim/260505_single_cell_dispersion_step1,data/sim/sim_dispersion_260505_single_cell_step1,sim,dispersion,Single-cell dispersion step 1
data/sim/260506_cst_regular_cell_eyfield_zphase,data/sim/sim_grid_260506_regular_cell_eyfield_zphase,sim,grid,Regular-cell Ey field and z-phase investigation
data/sim/260514_tds_fullbody_plunger_ideal,data/sim/sim_sweep_260514_tds_fullbody_plunger_ideal,sim,sweep,TDS full-body ideal plunger sweep
data/sim/260515_hx_data_vac,data/sim/sim_grid_260515_hx_vac,sim,grid,Hx vacuum field data
data/sim/260516_2dsweep_noplunger,data/sim/sim_grid_260516_2d_noplunger,sim,grid,2D sweep without plunger
data/sim/260519_2dsweep,data/sim/sim_grid_260519_2d,sim,grid,2D sweep
data/sim/260519_2dsweep_1p5cell,data/sim/sim_grid_260519_2d_1p5cell,sim,grid,2D sweep for 1.5-cell case
data/sim/260526_iris_offset,data/sim/sim_grid_260526_iris_offset,sim,grid,Iris offset tuning sensitivity investigation
data/sim/260527_iris_line_sweep,data/sim/sim_grid_260527_iris_line,sim,grid,Iris line sweep
data/sim/260603_iris2dsweep_sim50norm,data/sim/sim_grid_260603_iris_2d_sim50norm,sim,grid,Iris 2D sweep with sim50 normalization
data/sim/260605_iris2dsweep_solver_export_no_norm,data/sim/sim_grid_260605_iris_2d_solver_export_nonorm,sim,grid,Iris 2D sweep solver export without normalization
data/sim/undated_hx_data,data/sim/sim_grid_undated_hx,sim,grid,Undated Hx field data
data/sim/undated_s11_coupler_radius_sweep,data/sim/sim_grid_undated_coupler_s11_radius_sweep,sim,grid,Undated coupler S11 radius sweep
