dataset_id,data_layer,source_file,tune_position,port_side,s_name,marker_name,marker_role,marker_source,target_freq_ghz,freq_ghz,freq_error_ghz,s_db,s_phase_deg,source_format,uncorrected_freq_ghz,frequency_scale_factor,temp_op_C,temp_meas_C,humidity_fraction
250609_beforebrazing,raw,in_0.5cell.csv,0.5,in,S11,f_2pi3,exp,dispersion_mode_1_temp_humidity_corrected,2.8558872595868734,2.8565,0.0006127404131266445,-1.7528517110092692,-147.78321925787444,raw_csv_ri,2.8571160335532,0.999569925074132,20.0,24.4,0.65
250609_beforebrazing,raw,in_1.5cell.csv,1.5,in,S11,f_2pi3,exp,dispersion_mode_1_temp_humidity_corrected,2.8558872595868734,2.8565,0.0006127404131266445,-1.7531140470827078,-134.56521773412834,raw_csv_ri,2.8571160335532,0.999569925074132,20.0,24.4,0.65
250609_beforebrazing,raw,in_2.5cell.csv,2.5,in,S11,f_2pi3,exp,dispersion_mode_1_temp_humidity_corrected,2.8558872595868734,2.8565,0.0006127404131266445,-3.0960156726979493,132.42386725297223,raw_csv_ri,2.8571160335532,0.999569925074132,20.0,24.4,0.65
250609_beforebrazing,raw,in_3.5cell.csv,3.5,in,S11,f_2pi3,exp,dispersion_mode_1_temp_humidity_corrected,2.8558872595868734,2.8565,0.0006127404131266445,-7.45193375936767,27.57169001915879,raw_csv_ri,2.8571160335532,0.999569925074132,20.0,24.4,0.65
250609_beforebrazing,raw,out_0.5cell.csv,0.5,out,S11,f_2pi3,exp,dispersion_mode_1_temp_humidity_corrected,2.8558872595868734,2.8565,0.0006127404131266445,-1.871543846196482,-150.0743995818952,raw_csv_ri,2.8571160335532,0.999569925074132,20.0,24.4,0.65
250609_beforebrazing,raw,out_1.5cell.csv,1.5,out,S11,f_2pi3,exp,dispersion_mode_1_temp_humidity_corrected,2.8558872595868734,2.8565,0.0006127404131266445,-1.945551198687375,-132.45342471970648,raw_csv_ri,2.8571160335532,0.999569925074132,20.0,24.4,0.65
250609_beforebrazing,raw,out_2.5cell.csv,2.5,out,S11,f_2pi3,exp,dispersion_mode_1_temp_humidity_corrected,2.8558872595868734,2.8565,0.0006127404131266445,-3.3835162471581675,120.64164317625462,raw_csv_ri,2.8571160335532,0.999569925074132,20.0,24.4,0.65
250609_beforebrazing,raw,out_3.5cell.csv,3.5,out,S11,f_2pi3,exp,dispersion_mode_1_temp_humidity_corrected,2.8558872595868734,2.8565,0.0006127404131266445,-9.238649417479841,17.328254313252163,raw_csv_ri,2.8571160335532,0.999569925074132,20.0,24.4,0.65
250609_beforebrazing,raw,in_0.5cell.csv,0.5,in,S11,f_mean,exp,dispersion_mode_1_temp_humidity_corrected,2.8660473089425436,2.8655,-0.0005473089425436228,-1.7513598518911917,163.44357576908334,raw_csv_ri,2.8672804543714,0.999569925074132,20.0,24.4,0.65
250609_beforebrazing,raw,in_1.5cell.csv,1.5,in,S11,f_mean,exp,dispersion_mode_1_temp_humidity_corrected,2.8660473089425436,2.8655,-0.0005473089425436228,-1.7517383023135005,176.11459642400038,raw_csv_ri,2.8672804543714,0.999569925074132,20.0,24.4,0.65
250609_beforebrazing,raw,in_2.5cell.csv,2.5,in,S11,f_mean,exp,dispersion_mode_1_temp_humidity_corrected,2.8660473089425436,2.8655,-0.0005473089425436228,-3.836076481493524,43.796947711411214,raw_csv_ri,2.8672804543714,0.999569925074132,20.0,24.4,0.65
250609_beforebrazing,raw,in_3.5cell.csv,3.5,in,S11,f_mean,exp,dispersion_mode_1_temp_humidity_corrected,2.8660473089425436,2.8655,-0.0005473089425436228,-4.421124585989259,-128.23120780010208,raw_csv_ri,2.8672804543714,0.999569925074132,20.0,24.4,0.65
250609_beforebrazing,raw,out_0.5cell.csv,0.5,out,S11,f_mean,exp,dispersion_mode_1_temp_humidity_corrected,2.8660473089425436,2.8655,-0.0005473089425436228,-1.8745487197359956,161.17209282488648,raw_csv_ri,2.8672804543714,0.999569925074132,20.0,24.4,0.65
250609_beforebrazing,raw,out_1.5cell.csv,1.5,out,S11,f_mean,exp,dispersion_mode_1_temp_humidity_corrected,2.8660473089425436,2.8655,-0.0005473089425436228,-1.9353469235965548,177.45269527965095,raw_csv_ri,2.8672804543714,0.999569925074132,20.0,24.4,0.65
250609_beforebrazing,raw,out_2.5cell.csv,2.5,out,S11,f_mean,exp,dispersion_mode_1_temp_humidity_corrected,2.8660473089425436,2.8655,-0.0005473089425436228,-4.147048197114391,30.891691369494083,raw_csv_ri,2.8672804543714,0.999569925074132,20.0,24.4,0.65
250609_beforebrazing,raw,out_3.5cell.csv,3.5,out,S11,f_mean,exp,dispersion_mode_1_temp_humidity_corrected,2.8660473089425436,2.8655,-0.0005473089425436228,-5.780719018712476,-129.65588795216027,raw_csv_ri,2.8672804543714,0.999569925074132,20.0,24.4,0.65
250609_beforebrazing,raw,in_0.5cell.csv,0.5,in,S11,f_pi2,exp,dispersion_mode_1_temp_humidity_corrected,2.8762073582982137,2.8745,-0.0017073582982138902,-1.7583152765960035,114.7584738243426,raw_csv_ri,2.8774448751896,0.999569925074132,20.0,24.4,0.65
250609_beforebrazing,raw,in_1.5cell.csv,1.5,in,S11,f_pi2,exp,dispersion_mode_1_temp_humidity_corrected,2.8762073582982137,2.8745,-0.0017073582982138902,-1.749197639906964,127.19822302282137,raw_csv_ri,2.8774448751896,0.999569925074132,20.0,24.4,0.65
250609_beforebrazing,raw,in_2.5cell.csv,2.5,in,S11,f_pi2,exp,dispersion_mode_1_temp_humidity_corrected,2.8762073582982137,2.8745,-0.0017073582982138902,-4.073118066354607,-62.5007930273243,raw_csv_ri,2.8774448751896,0.999569925074132,20.0,24.4,0.65
250609_beforebrazing,raw,in_3.5cell.csv,3.5,in,S11,f_pi2,exp,dispersion_mode_1_temp_humidity_corrected,2.8762073582982137,2.8745,-0.0017073582982138902,-3.074355706014495,142.68294555569747,raw_csv_ri,2.8774448751896,0.999569925074132,20.0,24.4,0.65
250609_beforebrazing,raw,out_0.5cell.csv,0.5,out,S11,f_pi2,exp,dispersion_mode_1_temp_humidity_corrected,2.8762073582982137,2.8745,-0.0017073582982138902,-1.8913402730760744,112.57978796398858,raw_csv_ri,2.8774448751896,0.999569925074132,20.0,24.4,0.65
250609_beforebrazing,raw,out_1.5cell.csv,1.5,out,S11,f_pi2,exp,dispersion_mode_1_temp_humidity_corrected,2.8762073582982137,2.8745,-0.0017073582982138902,-1.94063093867857,127.96663906028611,raw_csv_ri,2.8774448751896,0.999569925074132,20.0,24.4,0.65
250609_beforebrazing,raw,out_2.5cell.csv,2.5,out,S11,f_pi2,exp,dispersion_mode_1_temp_humidity_corrected,2.8762073582982137,2.8745,-0.0017073582982138902,-4.305398639171046,-72.39489244691244,raw_csv_ri,2.8774448751896,0.999569925074132,20.0,24.4,0.65
250609_beforebrazing,raw,out_3.5cell.csv,3.5,out,S11,f_pi2,exp,dispersion_mode_1_temp_humidity_corrected,2.8762073582982137,2.8745,-0.0017073582982138902,-4.000760895602921,141.76954329293463,raw_csv_ri,2.8774448751896,0.999569925074132,20.0,24.4,0.65
