dataset_id,data_layer,marker_name,marker_role,port_side,s_name,position_family,from_source_file,to_source_file,from_tune_position,to_tune_position,target_freq_ghz,from_freq_ghz,to_freq_ghz,from_s_db,to_s_db,from_phase_deg,to_phase_deg,signed_phase_step_deg,phase_advance_0to360_deg,phase_error_from_240_deg
250609_beforebrazing,raw,f_2pi3,exp,in,S11,cell,in_0.5cell.csv,in_1.5cell.csv,0.5,1.5,2.8558872595868734,2.8565,2.8565,-1.7528517110092692,-1.7531140470827078,-147.78321925787444,-134.56521773412834,13.218001523746096,13.218001523746096,-226.7819984762539
250609_beforebrazing,raw,f_2pi3,exp,in,S11,cell,in_1.5cell.csv,in_2.5cell.csv,1.5,2.5,2.8558872595868734,2.8565,2.8565,-1.7531140470827078,-3.0960156726979493,-134.56521773412834,132.42386725297223,-93.01091501289943,266.98908498710057,26.98908498710057
250609_beforebrazing,raw,f_2pi3,exp,in,S11,cell,in_2.5cell.csv,in_3.5cell.csv,2.5,3.5,2.8558872595868734,2.8565,2.8565,-3.0960156726979493,-7.45193375936767,132.42386725297223,27.57169001915879,-104.85217723381344,255.14782276618655,15.14782276618655
250609_beforebrazing,raw,f_2pi3,exp,out,S11,cell,out_0.5cell.csv,out_1.5cell.csv,0.5,1.5,2.8558872595868734,2.8565,2.8565,-1.871543846196482,-1.945551198687375,-150.0743995818952,-132.45342471970648,17.620974862188717,17.620974862188717,-222.37902513781128
250609_beforebrazing,raw,f_2pi3,exp,out,S11,cell,out_1.5cell.csv,out_2.5cell.csv,1.5,2.5,2.8558872595868734,2.8565,2.8565,-1.945551198687375,-3.3835162471581675,-132.45342471970648,120.64164317625462,-106.90493210403889,253.0950678959611,13.095067895961108
250609_beforebrazing,raw,f_2pi3,exp,out,S11,cell,out_2.5cell.csv,out_3.5cell.csv,2.5,3.5,2.8558872595868734,2.8565,2.8565,-3.3835162471581675,-9.238649417479841,120.64164317625462,17.328254313252163,-103.31338886300246,256.68661113699756,16.686611136997556
250609_beforebrazing,raw,f_mean,exp,in,S11,cell,in_0.5cell.csv,in_1.5cell.csv,0.5,1.5,2.8660473089425436,2.8655,2.8655,-1.7513598518911917,-1.7517383023135005,163.44357576908334,176.11459642400038,12.671020654917044,12.671020654917044,-227.32897934508296
250609_beforebrazing,raw,f_mean,exp,in,S11,cell,in_1.5cell.csv,in_2.5cell.csv,1.5,2.5,2.8660473089425436,2.8655,2.8655,-1.7517383023135005,-3.836076481493524,176.11459642400038,43.796947711411214,-132.31764871258918,227.68235128741082,-12.317648712589175
250609_beforebrazing,raw,f_mean,exp,in,S11,cell,in_2.5cell.csv,in_3.5cell.csv,2.5,3.5,2.8660473089425436,2.8655,2.8655,-3.836076481493524,-4.421124585989259,43.796947711411214,-128.23120780010208,-172.0281555115133,187.9718444884867,-52.02815551151329
250609_beforebrazing,raw,f_mean,exp,out,S11,cell,out_0.5cell.csv,out_1.5cell.csv,0.5,1.5,2.8660473089425436,2.8655,2.8655,-1.8745487197359956,-1.9353469235965548,161.17209282488648,177.45269527965095,16.280602454764477,16.280602454764477,-223.71939754523552
250609_beforebrazing,raw,f_mean,exp,out,S11,cell,out_1.5cell.csv,out_2.5cell.csv,1.5,2.5,2.8660473089425436,2.8655,2.8655,-1.9353469235965548,-4.147048197114391,177.45269527965095,30.891691369494083,-146.56100391015687,213.43899608984313,-26.56100391015687
250609_beforebrazing,raw,f_mean,exp,out,S11,cell,out_2.5cell.csv,out_3.5cell.csv,2.5,3.5,2.8660473089425436,2.8655,2.8655,-4.147048197114391,-5.780719018712476,30.891691369494083,-129.65588795216027,-160.54757932165435,199.45242067834565,-40.547579321654354
250609_beforebrazing,raw,f_pi2,exp,in,S11,cell,in_0.5cell.csv,in_1.5cell.csv,0.5,1.5,2.8762073582982137,2.8745,2.8745,-1.7583152765960035,-1.749197639906964,114.7584738243426,127.19822302282137,12.43974919847875,12.43974919847875,-227.56025080152125
250609_beforebrazing,raw,f_pi2,exp,in,S11,cell,in_1.5cell.csv,in_2.5cell.csv,1.5,2.5,2.8762073582982137,2.8745,2.8745,-1.749197639906964,-4.073118066354607,127.19822302282137,-62.5007930273243,170.3009839498543,170.3009839498543,-69.6990160501457
250609_beforebrazing,raw,f_pi2,exp,in,S11,cell,in_2.5cell.csv,in_3.5cell.csv,2.5,3.5,2.8762073582982137,2.8745,2.8745,-4.073118066354607,-3.074355706014495,-62.5007930273243,142.68294555569747,-154.81626141697825,205.18373858302175,-34.81626141697825
250609_beforebrazing,raw,f_pi2,exp,out,S11,cell,out_0.5cell.csv,out_1.5cell.csv,0.5,1.5,2.8762073582982137,2.8745,2.8745,-1.8913402730760744,-1.94063093867857,112.57978796398858,127.96663906028611,15.386851096297534,15.386851096297534,-224.61314890370247
250609_beforebrazing,raw,f_pi2,exp,out,S11,cell,out_1.5cell.csv,out_2.5cell.csv,1.5,2.5,2.8762073582982137,2.8745,2.8745,-1.94063093867857,-4.305398639171046,127.96663906028611,-72.39489244691244,159.63846849280145,159.63846849280145,-80.36153150719855
250609_beforebrazing,raw,f_pi2,exp,out,S11,cell,out_2.5cell.csv,out_3.5cell.csv,2.5,3.5,2.8762073582982137,2.8745,2.8745,-4.305398639171046,-4.000760895602921,-72.39489244691244,141.76954329293463,-145.83556426015292,214.16443573984708,-25.83556426015292
